[
    {
        "name": "Sample Case 1",
        "category": "case",
        "brand": "thermaltake",
        "specs": {
            "detail": "Sample specs 1"
        },
        "price": 40447,
        "image_url": "https://example.com/images/case-1.jpg",
        "product_url": "https://example.com/products/case-1"
    },
    {
        "name": "Sample Case 2",
        "category": "case",
        "brand": "value-top",
        "specs": {
            "detail": "Sample specs 2"
        },
        "price": 43782,
        "image_url": "https://example.com/images/case-2.jpg",
        "product_url": "https://example.com/products/case-2"
    },
    {
        "name": "Sample Case 3",
        "category": "case",
        "brand": "cooler master",
        "specs": {
            "detail": "Sample specs 3"
        },
        "price": 49247,
        "image_url": "https://example.com/images/case-3.jpg",
        "product_url": "https://example.com/products/case-3"
    },
    {
        "name": "Sample Case 4",
        "category": "case",
        "brand": "thermaltake",
        "specs": {
            "detail": "Sample specs 4"
        },
        "price": 15633,
        "image_url": "https://example.com/images/case-4.jpg",
        "product_url": "https://example.com/products/case-4"
    },
    {
        "name": "Sample Case 5",
        "category": "case",
        "brand": "thermaltake",
        "specs": {
            "detail": "Sample specs 5"
        },
        "price": 6122,
        "image_url": "https://example.com/images/case-5.jpg",
        "product_url": "https://example.com/products/case-5"
    },
    {
        "name": "Sample Case 6",
        "category": "case",
        "brand": "thermaltake",
        "specs": {
            "detail": "Sample specs 6"
        },
        "price": 49763,
        "image_url": "https://example.com/images/case-6.jpg",
        "product_url": "https://example.com/products/case-6"
    },
    {
        "name": "Sample Case 7",
        "category": "case",
        "brand": "value-top",
        "specs": {
            "detail": "Sample specs 7"
        },
        "price": 20014,
        "image_url": "https://example.com/images/case-7.jpg",
        "product_url": "https://example.com/products/case-7"
    },
    {
        "name": "Sample Case 8",
        "category": "case",
        "brand": "thermaltake",
        "specs": {
            "detail": "Sample specs 8"
        },
        "price": 11744,
        "image_url": "https://example.com/images/case-8.jpg",
        "product_url": "https://example.com/products/case-8"
    },
    {
        "name": "Sample Case 9",
        "category": "case",
        "brand": "value-top",
        "specs": {
            "detail": "Sample specs 9"
        },
        "price": 6726,
        "image_url": "https://example.com/images/case-9.jpg",
        "product_url": "https://example.com/products/case-9"
    },
    {
        "name": "Sample Case 10",
        "category": "case",
        "brand": "value-top",
        "specs": {
            "detail": "Sample specs 10"
        },
        "price": 43368,
        "image_url": "https://example.com/images/case-10.jpg",
        "product_url": "https://example.com/products/case-10"
    },
    {
        "name": "Sample Case 11",
        "category": "case",
        "brand": "value-top",
        "specs": {
            "detail": "Sample specs 11"
        },
        "price": 32231,
        "image_url": "https://example.com/images/case-11.jpg",
        "product_url": "https://example.com/products/case-11"
    },
    {
        "name": "Sample Case 12",
        "category": "case",
        "brand": "thermaltake",
        "specs": {
            "detail": "Sample specs 12"
        },
        "price": 17138,
        "image_url": "https://example.com/images/case-12.jpg",
        "product_url": "https://example.com/products/case-12"
    },
    {
        "name": "Sample Case 13",
        "category": "case",
        "brand": "value-top",
        "specs": {
            "detail": "Sample specs 13"
        },
        "price": 22733,
        "image_url": "https://example.com/images/case-13.jpg",
        "product_url": "https://example.com/products/case-13"
    },
    {
        "name": "Sample Case 14",
        "category": "case",
        "brand": "thermaltake",
        "specs": {
            "detail": "Sample specs 14"
        },
        "price": 14351,
        "image_url": "https://example.com/images/case-14.jpg",
        "product_url": "https://example.com/products/case-14"
    },
    {
        "name": "Sample Case 15",
        "category": "case",
        "brand": "value-top",
        "specs": {
            "detail": "Sample specs 15"
        },
        "price": 13258,
        "image_url": "https://example.com/images/case-15.jpg",
        "product_url": "https://example.com/products/case-15"
    },
    {
        "name": "Sample Case 16",
        "category": "case",
        "brand": "cooler master",
        "specs": {
            "detail": "Sample specs 16"
        },
        "price": 2372,
        "image_url": "https://example.com/images/case-16.jpg",
        "product_url": "https://example.com/products/case-16"
    },
    {
        "name": "Sample Case 17",
        "category": "case",
        "brand": "cooler master",
        "specs": {
            "detail": "Sample specs 17"
        },
        "price": 7712,
        "image_url": "https://example.com/images/case-17.jpg",
        "product_url": "https://example.com/products/case-17"
    },
    {
        "name": "Sample Case 18",
        "category": "case",
        "brand": "thermaltake",
        "specs": {
            "detail": "Sample specs 18"
        },
        "price": 19871,
        "image_url": "https://example.com/images/case-18.jpg",
        "product_url": "https://example.com/products/case-18"
    },
    {
        "name": "Sample Case 19",
        "category": "case",
        "brand": "value-top",
        "specs": {
            "detail": "Sample specs 19"
        },
        "price": 28080,
        "image_url": "https://example.com/images/case-19.jpg",
        "product_url": "https://example.com/products/case-19"
    },
    {
        "name": "Sample Case 20",
        "category": "case",
        "brand": "thermaltake",
        "specs": {
            "detail": "Sample specs 20"
        },
        "price": 18053,
        "image_url": "https://example.com/images/case-20.jpg",
        "product_url": "https://example.com/products/case-20"
    },
    {
        "name": "Sample Case 21",
        "category": "case",
        "brand": "cooler master",
        "specs": {
            "detail": "Sample specs 21"
        },
        "price": 17350,
        "image_url": "https://example.com/images/case-21.jpg",
        "product_url": "https://example.com/products/case-21"
    },
    {
        "name": "Sample Case 22",
        "category": "case",
        "brand": "thermaltake",
        "specs": {
            "detail": "Sample specs 22"
        },
        "price": 45276,
        "image_url": "https://example.com/images/case-22.jpg",
        "product_url": "https://example.com/products/case-22"
    },
    {
        "name": "Sample Case 23",
        "category": "case",
        "brand": "thermaltake",
        "specs": {
            "detail": "Sample specs 23"
        },
        "price": 20139,
        "image_url": "https://example.com/images/case-23.jpg",
        "product_url": "https://example.com/products/case-23"
    },
    {
        "name": "Sample Case 24",
        "category": "case",
        "brand": "value-top",
        "specs": {
            "detail": "Sample specs 24"
        },
        "price": 22405,
        "image_url": "https://example.com/images/case-24.jpg",
        "product_url": "https://example.com/products/case-24"
    },
    {
        "name": "Sample Case 25",
        "category": "case",
        "brand": "thermaltake",
        "specs": {
            "detail": "Sample specs 25"
        },
        "price": 47029,
        "image_url": "https://example.com/images/case-25.jpg",
        "product_url": "https://example.com/products/case-25"
    },
    {
        "name": "Sample Case 26",
        "category": "case",
        "brand": "thermaltake",
        "specs": {
            "detail": "Sample specs 26"
        },
        "price": 40587,
        "image_url": "https://example.com/images/case-26.jpg",
        "product_url": "https://example.com/products/case-26"
    },
    {
        "name": "Sample Case 27",
        "category": "case",
        "brand": "value-top",
        "specs": {
            "detail": "Sample specs 27"
        },
        "price": 37020,
        "image_url": "https://example.com/images/case-27.jpg",
        "product_url": "https://example.com/products/case-27"
    },
    {
        "name": "Sample Case 28",
        "category": "case",
        "brand": "thermaltake",
        "specs": {
            "detail": "Sample specs 28"
        },
        "price": 29730,
        "image_url": "https://example.com/images/case-28.jpg",
        "product_url": "https://example.com/products/case-28"
    },
    {
        "name": "Sample Case 29",
        "category": "case",
        "brand": "cooler master",
        "specs": {
            "detail": "Sample specs 29"
        },
        "price": 13758,
        "image_url": "https://example.com/images/case-29.jpg",
        "product_url": "https://example.com/products/case-29"
    },
    {
        "name": "Sample Case 30",
        "category": "case",
        "brand": "cooler master",
        "specs": {
            "detail": "Sample specs 30"
        },
        "price": 12895,
        "image_url": "https://example.com/images/case-30.jpg",
        "product_url": "https://example.com/products/case-30"
    },
    {
        "name": "Sample Case 31",
        "category": "case",
        "brand": "thermaltake",
        "specs": {
            "detail": "Sample specs 31"
        },
        "price": 15408,
        "image_url": "https://example.com/images/case-31.jpg",
        "product_url": "https://example.com/products/case-31"
    },
    {
        "name": "Sample Case 32",
        "category": "case",
        "brand": "value-top",
        "specs": {
            "detail": "Sample specs 32"
        },
        "price": 37411,
        "image_url": "https://example.com/images/case-32.jpg",
        "product_url": "https://example.com/products/case-32"
    },
    {
        "name": "Sample Case 33",
        "category": "case",
        "brand": "thermaltake",
        "specs": {
            "detail": "Sample specs 33"
        },
        "price": 6668,
        "image_url": "https://example.com/images/case-33.jpg",
        "product_url": "https://example.com/products/case-33"
    },
    {
        "name": "Sample Case 34",
        "category": "case",
        "brand": "cooler master",
        "specs": {
            "detail": "Sample specs 34"
        },
        "price": 30618,
        "image_url": "https://example.com/images/case-34.jpg",
        "product_url": "https://example.com/products/case-34"
    },
    {
        "name": "Sample Case 35",
        "category": "case",
        "brand": "thermaltake",
        "specs": {
            "detail": "Sample specs 35"
        },
        "price": 40843,
        "image_url": "https://example.com/images/case-35.jpg",
        "product_url": "https://example.com/products/case-35"
    },
    {
        "name": "Sample Case 36",
        "category": "case",
        "brand": "cooler master",
        "specs": {
            "detail": "Sample specs 36"
        },
        "price": 2357,
        "image_url": "https://example.com/images/case-36.jpg",
        "product_url": "https://example.com/products/case-36"
    },
    {
        "name": "Sample Case 37",
        "category": "case",
        "brand": "thermaltake",
        "specs": {
            "detail": "Sample specs 37"
        },
        "price": 23719,
        "image_url": "https://example.com/images/case-37.jpg",
        "product_url": "https://example.com/products/case-37"
    },
    {
        "name": "Sample Case 38",
        "category": "case",
        "brand": "cooler master",
        "specs": {
            "detail": "Sample specs 38"
        },
        "price": 37518,
        "image_url": "https://example.com/images/case-38.jpg",
        "product_url": "https://example.com/products/case-38"
    },
    {
        "name": "Sample Case 39",
        "category": "case",
        "brand": "value-top",
        "specs": {
            "detail": "Sample specs 39"
        },
        "price": 47237,
        "image_url": "https://example.com/images/case-39.jpg",
        "product_url": "https://example.com/products/case-39"
    },
    {
        "name": "Sample Case 40",
        "category": "case",
        "brand": "thermaltake",
        "specs": {
            "detail": "Sample specs 40"
        },
        "price": 3044,
        "image_url": "https://example.com/images/case-40.jpg",
        "product_url": "https://example.com/products/case-40"
    },
    {
        "name": "Sample Case 41",
        "category": "case",
        "brand": "cooler master",
        "specs": {
            "detail": "Sample specs 41"
        },
        "price": 30428,
        "image_url": "https://example.com/images/case-41.jpg",
        "product_url": "https://example.com/products/case-41"
    },
    {
        "name": "Sample Case 42",
        "category": "case",
        "brand": "value-top",
        "specs": {
            "detail": "Sample specs 42"
        },
        "price": 17266,
        "image_url": "https://example.com/images/case-42.jpg",
        "product_url": "https://example.com/products/case-42"
    },
    {
        "name": "Sample Case 43",
        "category": "case",
        "brand": "thermaltake",
        "specs": {
            "detail": "Sample specs 43"
        },
        "price": 49245,
        "image_url": "https://example.com/images/case-43.jpg",
        "product_url": "https://example.com/products/case-43"
    },
    {
        "name": "Sample Case 44",
        "category": "case",
        "brand": "thermaltake",
        "specs": {
            "detail": "Sample specs 44"
        },
        "price": 37426,
        "image_url": "https://example.com/images/case-44.jpg",
        "product_url": "https://example.com/products/case-44"
    },
    {
        "name": "Sample Case 45",
        "category": "case",
        "brand": "thermaltake",
        "specs": {
            "detail": "Sample specs 45"
        },
        "price": 27844,
        "image_url": "https://example.com/images/case-45.jpg",
        "product_url": "https://example.com/products/case-45"
    },
    {
        "name": "Sample Case 46",
        "category": "case",
        "brand": "thermaltake",
        "specs": {
            "detail": "Sample specs 46"
        },
        "price": 29214,
        "image_url": "https://example.com/images/case-46.jpg",
        "product_url": "https://example.com/products/case-46"
    },
    {
        "name": "Sample Case 47",
        "category": "case",
        "brand": "thermaltake",
        "specs": {
            "detail": "Sample specs 47"
        },
        "price": 3656,
        "image_url": "https://example.com/images/case-47.jpg",
        "product_url": "https://example.com/products/case-47"
    },
    {
        "name": "Sample Case 48",
        "category": "case",
        "brand": "value-top",
        "specs": {
            "detail": "Sample specs 48"
        },
        "price": 43575,
        "image_url": "https://example.com/images/case-48.jpg",
        "product_url": "https://example.com/products/case-48"
    },
    {
        "name": "Sample Case 49",
        "category": "case",
        "brand": "thermaltake",
        "specs": {
            "detail": "Sample specs 49"
        },
        "price": 5168,
        "image_url": "https://example.com/images/case-49.jpg",
        "product_url": "https://example.com/products/case-49"
    },
    {
        "name": "Sample Case 50",
        "category": "case",
        "brand": "value-top",
        "specs": {
            "detail": "Sample specs 50"
        },
        "price": 33000,
        "image_url": "https://example.com/images/case-50.jpg",
        "product_url": "https://example.com/products/case-50"
    },
    {
        "name": "Sample Case 51",
        "category": "case",
        "brand": "cooler master",
        "specs": {
            "detail": "Sample specs 51"
        },
        "price": 17560,
        "image_url": "https://example.com/images/case-51.jpg",
        "product_url": "https://example.com/products/case-51"
    },
    {
        "name": "Sample Case 52",
        "category": "case",
        "brand": "value-top",
        "specs": {
            "detail": "Sample specs 52"
        },
        "price": 15890,
        "image_url": "https://example.com/images/case-52.jpg",
        "product_url": "https://example.com/products/case-52"
    },
    {
        "name": "Sample Case 53",
        "category": "case",
        "brand": "value-top",
        "specs": {
            "detail": "Sample specs 53"
        },
        "price": 11064,
        "image_url": "https://example.com/images/case-53.jpg",
        "product_url": "https://example.com/products/case-53"
    },
    {
        "name": "Sample Case 54",
        "category": "case",
        "brand": "thermaltake",
        "specs": {
            "detail": "Sample specs 54"
        },
        "price": 9315,
        "image_url": "https://example.com/images/case-54.jpg",
        "product_url": "https://example.com/products/case-54"
    },
    {
        "name": "Sample Case 55",
        "category": "case",
        "brand": "cooler master",
        "specs": {
            "detail": "Sample specs 55"
        },
        "price": 38794,
        "image_url": "https://example.com/images/case-55.jpg",
        "product_url": "https://example.com/products/case-55"
    },
    {
        "name": "Sample Case 56",
        "category": "case",
        "brand": "thermaltake",
        "specs": {
            "detail": "Sample specs 56"
        },
        "price": 34695,
        "image_url": "https://example.com/images/case-56.jpg",
        "product_url": "https://example.com/products/case-56"
    },
    {
        "name": "Sample Case 57",
        "category": "case",
        "brand": "value-top",
        "specs": {
            "detail": "Sample specs 57"
        },
        "price": 33953,
        "image_url": "https://example.com/images/case-57.jpg",
        "product_url": "https://example.com/products/case-57"
    },
    {
        "name": "Sample Case 58",
        "category": "case",
        "brand": "value-top",
        "specs": {
            "detail": "Sample specs 58"
        },
        "price": 32115,
        "image_url": "https://example.com/images/case-58.jpg",
        "product_url": "https://example.com/products/case-58"
    },
    {
        "name": "Sample Case 59",
        "category": "case",
        "brand": "value-top",
        "specs": {
            "detail": "Sample specs 59"
        },
        "price": 30462,
        "image_url": "https://example.com/images/case-59.jpg",
        "product_url": "https://example.com/products/case-59"
    },
    {
        "name": "Sample Case 60",
        "category": "case",
        "brand": "cooler master",
        "specs": {
            "detail": "Sample specs 60"
        },
        "price": 38868,
        "image_url": "https://example.com/images/case-60.jpg",
        "product_url": "https://example.com/products/case-60"
    },
    {
        "name": "Sample Case 61",
        "category": "case",
        "brand": "thermaltake",
        "specs": {
            "detail": "Sample specs 61"
        },
        "price": 40869,
        "image_url": "https://example.com/images/case-61.jpg",
        "product_url": "https://example.com/products/case-61"
    },
    {
        "name": "Sample Case 62",
        "category": "case",
        "brand": "thermaltake",
        "specs": {
            "detail": "Sample specs 62"
        },
        "price": 20663,
        "image_url": "https://example.com/images/case-62.jpg",
        "product_url": "https://example.com/products/case-62"
    },
    {
        "name": "Sample Case 63",
        "category": "case",
        "brand": "value-top",
        "specs": {
            "detail": "Sample specs 63"
        },
        "price": 17024,
        "image_url": "https://example.com/images/case-63.jpg",
        "product_url": "https://example.com/products/case-63"
    },
    {
        "name": "Sample Case 64",
        "category": "case",
        "brand": "value-top",
        "specs": {
            "detail": "Sample specs 64"
        },
        "price": 31402,
        "image_url": "https://example.com/images/case-64.jpg",
        "product_url": "https://example.com/products/case-64"
    },
    {
        "name": "Sample Case 65",
        "category": "case",
        "brand": "value-top",
        "specs": {
            "detail": "Sample specs 65"
        },
        "price": 33940,
        "image_url": "https://example.com/images/case-65.jpg",
        "product_url": "https://example.com/products/case-65"
    },
    {
        "name": "Sample Case 66",
        "category": "case",
        "brand": "thermaltake",
        "specs": {
            "detail": "Sample specs 66"
        },
        "price": 48276,
        "image_url": "https://example.com/images/case-66.jpg",
        "product_url": "https://example.com/products/case-66"
    },
    {
        "name": "Sample Case 67",
        "category": "case",
        "brand": "value-top",
        "specs": {
            "detail": "Sample specs 67"
        },
        "price": 15843,
        "image_url": "https://example.com/images/case-67.jpg",
        "product_url": "https://example.com/products/case-67"
    },
    {
        "name": "Sample Case 68",
        "category": "case",
        "brand": "value-top",
        "specs": {
            "detail": "Sample specs 68"
        },
        "price": 3505,
        "image_url": "https://example.com/images/case-68.jpg",
        "product_url": "https://example.com/products/case-68"
    },
    {
        "name": "Sample Case 69",
        "category": "case",
        "brand": "value-top",
        "specs": {
            "detail": "Sample specs 69"
        },
        "price": 5627,
        "image_url": "https://example.com/images/case-69.jpg",
        "product_url": "https://example.com/products/case-69"
    },
    {
        "name": "Sample Case 70",
        "category": "case",
        "brand": "value-top",
        "specs": {
            "detail": "Sample specs 70"
        },
        "price": 49523,
        "image_url": "https://example.com/images/case-70.jpg",
        "product_url": "https://example.com/products/case-70"
    },
    {
        "name": "Sample Case 71",
        "category": "case",
        "brand": "value-top",
        "specs": {
            "detail": "Sample specs 71"
        },
        "price": 13600,
        "image_url": "https://example.com/images/case-71.jpg",
        "product_url": "https://example.com/products/case-71"
    },
    {
        "name": "Sample Case 72",
        "category": "case",
        "brand": "cooler master",
        "specs": {
            "detail": "Sample specs 72"
        },
        "price": 32582,
        "image_url": "https://example.com/images/case-72.jpg",
        "product_url": "https://example.com/products/case-72"
    },
    {
        "name": "Sample Case 73",
        "category": "case",
        "brand": "thermaltake",
        "specs": {
            "detail": "Sample specs 73"
        },
        "price": 11966,
        "image_url": "https://example.com/images/case-73.jpg",
        "product_url": "https://example.com/products/case-73"
    },
    {
        "name": "Sample Case 74",
        "category": "case",
        "brand": "cooler master",
        "specs": {
            "detail": "Sample specs 74"
        },
        "price": 2073,
        "image_url": "https://example.com/images/case-74.jpg",
        "product_url": "https://example.com/products/case-74"
    },
    {
        "name": "Sample Case 75",
        "category": "case",
        "brand": "thermaltake",
        "specs": {
            "detail": "Sample specs 75"
        },
        "price": 11476,
        "image_url": "https://example.com/images/case-75.jpg",
        "product_url": "https://example.com/products/case-75"
    },
    {
        "name": "Sample Case 76",
        "category": "case",
        "brand": "value-top",
        "specs": {
            "detail": "Sample specs 76"
        },
        "price": 19445,
        "image_url": "https://example.com/images/case-76.jpg",
        "product_url": "https://example.com/products/case-76"
    },
    {
        "name": "Sample Case 77",
        "category": "case",
        "brand": "thermaltake",
        "specs": {
            "detail": "Sample specs 77"
        },
        "price": 36648,
        "image_url": "https://example.com/images/case-77.jpg",
        "product_url": "https://example.com/products/case-77"
    },
    {
        "name": "Sample Case 78",
        "category": "case",
        "brand": "cooler master",
        "specs": {
            "detail": "Sample specs 78"
        },
        "price": 10630,
        "image_url": "https://example.com/images/case-78.jpg",
        "product_url": "https://example.com/products/case-78"
    },
    {
        "name": "Sample Case 79",
        "category": "case",
        "brand": "thermaltake",
        "specs": {
            "detail": "Sample specs 79"
        },
        "price": 11618,
        "image_url": "https://example.com/images/case-79.jpg",
        "product_url": "https://example.com/products/case-79"
    },
    {
        "name": "Sample Case 80",
        "category": "case",
        "brand": "cooler master",
        "specs": {
            "detail": "Sample specs 80"
        },
        "price": 33598,
        "image_url": "https://example.com/images/case-80.jpg",
        "product_url": "https://example.com/products/case-80"
    },
    {
        "name": "Sample Case 81",
        "category": "case",
        "brand": "cooler master",
        "specs": {
            "detail": "Sample specs 81"
        },
        "price": 17600,
        "image_url": "https://example.com/images/case-81.jpg",
        "product_url": "https://example.com/products/case-81"
    },
    {
        "name": "Sample Case 82",
        "category": "case",
        "brand": "cooler master",
        "specs": {
            "detail": "Sample specs 82"
        },
        "price": 19374,
        "image_url": "https://example.com/images/case-82.jpg",
        "product_url": "https://example.com/products/case-82"
    },
    {
        "name": "Sample Case 83",
        "category": "case",
        "brand": "cooler master",
        "specs": {
            "detail": "Sample specs 83"
        },
        "price": 45660,
        "image_url": "https://example.com/images/case-83.jpg",
        "product_url": "https://example.com/products/case-83"
    },
    {
        "name": "Sample Case 84",
        "category": "case",
        "brand": "value-top",
        "specs": {
            "detail": "Sample specs 84"
        },
        "price": 27379,
        "image_url": "https://example.com/images/case-84.jpg",
        "product_url": "https://example.com/products/case-84"
    },
    {
        "name": "Sample Case 85",
        "category": "case",
        "brand": "value-top",
        "specs": {
            "detail": "Sample specs 85"
        },
        "price": 19246,
        "image_url": "https://example.com/images/case-85.jpg",
        "product_url": "https://example.com/products/case-85"
    },
    {
        "name": "Sample Case 86",
        "category": "case",
        "brand": "cooler master",
        "specs": {
            "detail": "Sample specs 86"
        },
        "price": 18372,
        "image_url": "https://example.com/images/case-86.jpg",
        "product_url": "https://example.com/products/case-86"
    },
    {
        "name": "Sample Case 87",
        "category": "case",
        "brand": "cooler master",
        "specs": {
            "detail": "Sample specs 87"
        },
        "price": 44804,
        "image_url": "https://example.com/images/case-87.jpg",
        "product_url": "https://example.com/products/case-87"
    },
    {
        "name": "Sample Case 88",
        "category": "case",
        "brand": "cooler master",
        "specs": {
            "detail": "Sample specs 88"
        },
        "price": 3758,
        "image_url": "https://example.com/images/case-88.jpg",
        "product_url": "https://example.com/products/case-88"
    },
    {
        "name": "Sample Case 89",
        "category": "case",
        "brand": "value-top",
        "specs": {
            "detail": "Sample specs 89"
        },
        "price": 17347,
        "image_url": "https://example.com/images/case-89.jpg",
        "product_url": "https://example.com/products/case-89"
    },
    {
        "name": "Sample Case 90",
        "category": "case",
        "brand": "cooler master",
        "specs": {
            "detail": "Sample specs 90"
        },
        "price": 21965,
        "image_url": "https://example.com/images/case-90.jpg",
        "product_url": "https://example.com/products/case-90"
    },
    {
        "name": "Sample Case 91",
        "category": "case",
        "brand": "thermaltake",
        "specs": {
            "detail": "Sample specs 91"
        },
        "price": 22964,
        "image_url": "https://example.com/images/case-91.jpg",
        "product_url": "https://example.com/products/case-91"
    },
    {
        "name": "Sample Case 92",
        "category": "case",
        "brand": "thermaltake",
        "specs": {
            "detail": "Sample specs 92"
        },
        "price": 6579,
        "image_url": "https://example.com/images/case-92.jpg",
        "product_url": "https://example.com/products/case-92"
    },
    {
        "name": "Sample Case 93",
        "category": "case",
        "brand": "value-top",
        "specs": {
            "detail": "Sample specs 93"
        },
        "price": 5144,
        "image_url": "https://example.com/images/case-93.jpg",
        "product_url": "https://example.com/products/case-93"
    },
    {
        "name": "Sample Case 94",
        "category": "case",
        "brand": "value-top",
        "specs": {
            "detail": "Sample specs 94"
        },
        "price": 11747,
        "image_url": "https://example.com/images/case-94.jpg",
        "product_url": "https://example.com/products/case-94"
    },
    {
        "name": "Sample Case 95",
        "category": "case",
        "brand": "cooler master",
        "specs": {
            "detail": "Sample specs 95"
        },
        "price": 31586,
        "image_url": "https://example.com/images/case-95.jpg",
        "product_url": "https://example.com/products/case-95"
    },
    {
        "name": "Sample Case 96",
        "category": "case",
        "brand": "thermaltake",
        "specs": {
            "detail": "Sample specs 96"
        },
        "price": 11140,
        "image_url": "https://example.com/images/case-96.jpg",
        "product_url": "https://example.com/products/case-96"
    },
    {
        "name": "Sample Case 97",
        "category": "case",
        "brand": "thermaltake",
        "specs": {
            "detail": "Sample specs 97"
        },
        "price": 46949,
        "image_url": "https://example.com/images/case-97.jpg",
        "product_url": "https://example.com/products/case-97"
    },
    {
        "name": "Sample Case 98",
        "category": "case",
        "brand": "value-top",
        "specs": {
            "detail": "Sample specs 98"
        },
        "price": 5951,
        "image_url": "https://example.com/images/case-98.jpg",
        "product_url": "https://example.com/products/case-98"
    },
    {
        "name": "Sample Case 99",
        "category": "case",
        "brand": "value-top",
        "specs": {
            "detail": "Sample specs 99"
        },
        "price": 29794,
        "image_url": "https://example.com/images/case-99.jpg",
        "product_url": "https://example.com/products/case-99"
    },
    {
        "name": "Sample Case 100",
        "category": "case",
        "brand": "cooler master",
        "specs": {
            "detail": "Sample specs 100"
        },
        "price": 41487,
        "image_url": "https://example.com/images/case-100.jpg",
        "product_url": "https://example.com/products/case-100"
    },
    {
        "name": "Sample Case 101",
        "category": "case",
        "brand": "thermaltake",
        "specs": {
            "detail": "Sample specs 101"
        },
        "price": 47168,
        "image_url": "https://example.com/images/case-101.jpg",
        "product_url": "https://example.com/products/case-101"
    },
    {
        "name": "Sample Case 102",
        "category": "case",
        "brand": "value-top",
        "specs": {
            "detail": "Sample specs 102"
        },
        "price": 41934,
        "image_url": "https://example.com/images/case-102.jpg",
        "product_url": "https://example.com/products/case-102"
    },
    {
        "name": "Sample Case 103",
        "category": "case",
        "brand": "value-top",
        "specs": {
            "detail": "Sample specs 103"
        },
        "price": 17025,
        "image_url": "https://example.com/images/case-103.jpg",
        "product_url": "https://example.com/products/case-103"
    },
    {
        "name": "Sample Case 104",
        "category": "case",
        "brand": "cooler master",
        "specs": {
            "detail": "Sample specs 104"
        },
        "price": 11840,
        "image_url": "https://example.com/images/case-104.jpg",
        "product_url": "https://example.com/products/case-104"
    },
    {
        "name": "Sample Case 105",
        "category": "case",
        "brand": "cooler master",
        "specs": {
            "detail": "Sample specs 105"
        },
        "price": 35357,
        "image_url": "https://example.com/images/case-105.jpg",
        "product_url": "https://example.com/products/case-105"
    },
    {
        "name": "Sample Case 106",
        "category": "case",
        "brand": "cooler master",
        "specs": {
            "detail": "Sample specs 106"
        },
        "price": 18298,
        "image_url": "https://example.com/images/case-106.jpg",
        "product_url": "https://example.com/products/case-106"
    },
    {
        "name": "Sample Case 107",
        "category": "case",
        "brand": "value-top",
        "specs": {
            "detail": "Sample specs 107"
        },
        "price": 13646,
        "image_url": "https://example.com/images/case-107.jpg",
        "product_url": "https://example.com/products/case-107"
    },
    {
        "name": "Sample Case 108",
        "category": "case",
        "brand": "thermaltake",
        "specs": {
            "detail": "Sample specs 108"
        },
        "price": 45255,
        "image_url": "https://example.com/images/case-108.jpg",
        "product_url": "https://example.com/products/case-108"
    },
    {
        "name": "Sample Case 109",
        "category": "case",
        "brand": "cooler master",
        "specs": {
            "detail": "Sample specs 109"
        },
        "price": 11320,
        "image_url": "https://example.com/images/case-109.jpg",
        "product_url": "https://example.com/products/case-109"
    },
    {
        "name": "Sample Case 110",
        "category": "case",
        "brand": "thermaltake",
        "specs": {
            "detail": "Sample specs 110"
        },
        "price": 19177,
        "image_url": "https://example.com/images/case-110.jpg",
        "product_url": "https://example.com/products/case-110"
    },
    {
        "name": "Sample Case 111",
        "category": "case",
        "brand": "cooler master",
        "specs": {
            "detail": "Sample specs 111"
        },
        "price": 41132,
        "image_url": "https://example.com/images/case-111.jpg",
        "product_url": "https://example.com/products/case-111"
    },
    {
        "name": "Sample Case 112",
        "category": "case",
        "brand": "value-top",
        "specs": {
            "detail": "Sample specs 112"
        },
        "price": 24823,
        "image_url": "https://example.com/images/case-112.jpg",
        "product_url": "https://example.com/products/case-112"
    },
    {
        "name": "Sample Case 113",
        "category": "case",
        "brand": "value-top",
        "specs": {
            "detail": "Sample specs 113"
        },
        "price": 21706,
        "image_url": "https://example.com/images/case-113.jpg",
        "product_url": "https://example.com/products/case-113"
    },
    {
        "name": "Sample Case 114",
        "category": "case",
        "brand": "cooler master",
        "specs": {
            "detail": "Sample specs 114"
        },
        "price": 15227,
        "image_url": "https://example.com/images/case-114.jpg",
        "product_url": "https://example.com/products/case-114"
    },
    {
        "name": "Sample Case 115",
        "category": "case",
        "brand": "cooler master",
        "specs": {
            "detail": "Sample specs 115"
        },
        "price": 32459,
        "image_url": "https://example.com/images/case-115.jpg",
        "product_url": "https://example.com/products/case-115"
    },
    {
        "name": "Sample Case 116",
        "category": "case",
        "brand": "thermaltake",
        "specs": {
            "detail": "Sample specs 116"
        },
        "price": 17196,
        "image_url": "https://example.com/images/case-116.jpg",
        "product_url": "https://example.com/products/case-116"
    },
    {
        "name": "Sample Case 117",
        "category": "case",
        "brand": "thermaltake",
        "specs": {
            "detail": "Sample specs 117"
        },
        "price": 47915,
        "image_url": "https://example.com/images/case-117.jpg",
        "product_url": "https://example.com/products/case-117"
    },
    {
        "name": "Sample Case 118",
        "category": "case",
        "brand": "value-top",
        "specs": {
            "detail": "Sample specs 118"
        },
        "price": 12189,
        "image_url": "https://example.com/images/case-118.jpg",
        "product_url": "https://example.com/products/case-118"
    },
    {
        "name": "Sample Case 119",
        "category": "case",
        "brand": "cooler master",
        "specs": {
            "detail": "Sample specs 119"
        },
        "price": 39770,
        "image_url": "https://example.com/images/case-119.jpg",
        "product_url": "https://example.com/products/case-119"
    },
    {
        "name": "Sample Case 120",
        "category": "case",
        "brand": "cooler master",
        "specs": {
            "detail": "Sample specs 120"
        },
        "price": 8868,
        "image_url": "https://example.com/images/case-120.jpg",
        "product_url": "https://example.com/products/case-120"
    },
    {
        "name": "Sample Case 121",
        "category": "case",
        "brand": "value-top",
        "specs": {
            "detail": "Sample specs 121"
        },
        "price": 12501,
        "image_url": "https://example.com/images/case-121.jpg",
        "product_url": "https://example.com/products/case-121"
    },
    {
        "name": "Sample Case 122",
        "category": "case",
        "brand": "cooler master",
        "specs": {
            "detail": "Sample specs 122"
        },
        "price": 2906,
        "image_url": "https://example.com/images/case-122.jpg",
        "product_url": "https://example.com/products/case-122"
    },
    {
        "name": "Sample Case 123",
        "category": "case",
        "brand": "value-top",
        "specs": {
            "detail": "Sample specs 123"
        },
        "price": 26023,
        "image_url": "https://example.com/images/case-123.jpg",
        "product_url": "https://example.com/products/case-123"
    },
    {
        "name": "Sample Case 124",
        "category": "case",
        "brand": "cooler master",
        "specs": {
            "detail": "Sample specs 124"
        },
        "price": 27661,
        "image_url": "https://example.com/images/case-124.jpg",
        "product_url": "https://example.com/products/case-124"
    },
    {
        "name": "Sample Case 125",
        "category": "case",
        "brand": "value-top",
        "specs": {
            "detail": "Sample specs 125"
        },
        "price": 4250,
        "image_url": "https://example.com/images/case-125.jpg",
        "product_url": "https://example.com/products/case-125"
    },
    {
        "name": "Sample Case 126",
        "category": "case",
        "brand": "thermaltake",
        "specs": {
            "detail": "Sample specs 126"
        },
        "price": 40156,
        "image_url": "https://example.com/images/case-126.jpg",
        "product_url": "https://example.com/products/case-126"
    },
    {
        "name": "Sample Case 127",
        "category": "case",
        "brand": "cooler master",
        "specs": {
            "detail": "Sample specs 127"
        },
        "price": 4694,
        "image_url": "https://example.com/images/case-127.jpg",
        "product_url": "https://example.com/products/case-127"
    },
    {
        "name": "Sample Case 128",
        "category": "case",
        "brand": "value-top",
        "specs": {
            "detail": "Sample specs 128"
        },
        "price": 43800,
        "image_url": "https://example.com/images/case-128.jpg",
        "product_url": "https://example.com/products/case-128"
    },
    {
        "name": "Sample Case 129",
        "category": "case",
        "brand": "thermaltake",
        "specs": {
            "detail": "Sample specs 129"
        },
        "price": 37055,
        "image_url": "https://example.com/images/case-129.jpg",
        "product_url": "https://example.com/products/case-129"
    },
    {
        "name": "Sample Case 130",
        "category": "case",
        "brand": "cooler master",
        "specs": {
            "detail": "Sample specs 130"
        },
        "price": 37761,
        "image_url": "https://example.com/images/case-130.jpg",
        "product_url": "https://example.com/products/case-130"
    },
    {
        "name": "Sample Case 131",
        "category": "case",
        "brand": "thermaltake",
        "specs": {
            "detail": "Sample specs 131"
        },
        "price": 29923,
        "image_url": "https://example.com/images/case-131.jpg",
        "product_url": "https://example.com/products/case-131"
    },
    {
        "name": "Sample Case 132",
        "category": "case",
        "brand": "thermaltake",
        "specs": {
            "detail": "Sample specs 132"
        },
        "price": 31581,
        "image_url": "https://example.com/images/case-132.jpg",
        "product_url": "https://example.com/products/case-132"
    },
    {
        "name": "Sample Case 133",
        "category": "case",
        "brand": "value-top",
        "specs": {
            "detail": "Sample specs 133"
        },
        "price": 46577,
        "image_url": "https://example.com/images/case-133.jpg",
        "product_url": "https://example.com/products/case-133"
    },
    {
        "name": "Sample Case 134",
        "category": "case",
        "brand": "cooler master",
        "specs": {
            "detail": "Sample specs 134"
        },
        "price": 20643,
        "image_url": "https://example.com/images/case-134.jpg",
        "product_url": "https://example.com/products/case-134"
    },
    {
        "name": "Sample Case 135",
        "category": "case",
        "brand": "cooler master",
        "specs": {
            "detail": "Sample specs 135"
        },
        "price": 47982,
        "image_url": "https://example.com/images/case-135.jpg",
        "product_url": "https://example.com/products/case-135"
    },
    {
        "name": "Sample Case 136",
        "category": "case",
        "brand": "cooler master",
        "specs": {
            "detail": "Sample specs 136"
        },
        "price": 13410,
        "image_url": "https://example.com/images/case-136.jpg",
        "product_url": "https://example.com/products/case-136"
    },
    {
        "name": "Sample Case 137",
        "category": "case",
        "brand": "thermaltake",
        "specs": {
            "detail": "Sample specs 137"
        },
        "price": 18936,
        "image_url": "https://example.com/images/case-137.jpg",
        "product_url": "https://example.com/products/case-137"
    },
    {
        "name": "Sample Case 138",
        "category": "case",
        "brand": "thermaltake",
        "specs": {
            "detail": "Sample specs 138"
        },
        "price": 48886,
        "image_url": "https://example.com/images/case-138.jpg",
        "product_url": "https://example.com/products/case-138"
    },
    {
        "name": "Sample Case 139",
        "category": "case",
        "brand": "value-top",
        "specs": {
            "detail": "Sample specs 139"
        },
        "price": 3162,
        "image_url": "https://example.com/images/case-139.jpg",
        "product_url": "https://example.com/products/case-139"
    },
    {
        "name": "Sample Case 140",
        "category": "case",
        "brand": "value-top",
        "specs": {
            "detail": "Sample specs 140"
        },
        "price": 7847,
        "image_url": "https://example.com/images/case-140.jpg",
        "product_url": "https://example.com/products/case-140"
    },
    {
        "name": "Sample Case 141",
        "category": "case",
        "brand": "thermaltake",
        "specs": {
            "detail": "Sample specs 141"
        },
        "price": 16844,
        "image_url": "https://example.com/images/case-141.jpg",
        "product_url": "https://example.com/products/case-141"
    },
    {
        "name": "Sample Case 142",
        "category": "case",
        "brand": "cooler master",
        "specs": {
            "detail": "Sample specs 142"
        },
        "price": 12566,
        "image_url": "https://example.com/images/case-142.jpg",
        "product_url": "https://example.com/products/case-142"
    },
    {
        "name": "Sample Case 143",
        "category": "case",
        "brand": "thermaltake",
        "specs": {
            "detail": "Sample specs 143"
        },
        "price": 41385,
        "image_url": "https://example.com/images/case-143.jpg",
        "product_url": "https://example.com/products/case-143"
    },
    {
        "name": "Sample Case 144",
        "category": "case",
        "brand": "value-top",
        "specs": {
            "detail": "Sample specs 144"
        },
        "price": 38235,
        "image_url": "https://example.com/images/case-144.jpg",
        "product_url": "https://example.com/products/case-144"
    },
    {
        "name": "Sample Case 145",
        "category": "case",
        "brand": "cooler master",
        "specs": {
            "detail": "Sample specs 145"
        },
        "price": 31705,
        "image_url": "https://example.com/images/case-145.jpg",
        "product_url": "https://example.com/products/case-145"
    },
    {
        "name": "Sample Case 146",
        "category": "case",
        "brand": "value-top",
        "specs": {
            "detail": "Sample specs 146"
        },
        "price": 9751,
        "image_url": "https://example.com/images/case-146.jpg",
        "product_url": "https://example.com/products/case-146"
    },
    {
        "name": "Sample Case 147",
        "category": "case",
        "brand": "cooler master",
        "specs": {
            "detail": "Sample specs 147"
        },
        "price": 45104,
        "image_url": "https://example.com/images/case-147.jpg",
        "product_url": "https://example.com/products/case-147"
    },
    {
        "name": "Sample Case 148",
        "category": "case",
        "brand": "cooler master",
        "specs": {
            "detail": "Sample specs 148"
        },
        "price": 6774,
        "image_url": "https://example.com/images/case-148.jpg",
        "product_url": "https://example.com/products/case-148"
    },
    {
        "name": "Sample Case 149",
        "category": "case",
        "brand": "cooler master",
        "specs": {
            "detail": "Sample specs 149"
        },
        "price": 23934,
        "image_url": "https://example.com/images/case-149.jpg",
        "product_url": "https://example.com/products/case-149"
    },
    {
        "name": "Sample Case 150",
        "category": "case",
        "brand": "cooler master",
        "specs": {
            "detail": "Sample specs 150"
        },
        "price": 22409,
        "image_url": "https://example.com/images/case-150.jpg",
        "product_url": "https://example.com/products/case-150"
    }
]