[
    {
        "name": "Sample Cooler 1",
        "category": "cooler",
        "brand": "noctua",
        "specs": {
            "detail": "Sample specs 1"
        },
        "price": 24938,
        "image_url": "https://example.com/images/cooler-1.jpg",
        "product_url": "https://example.com/products/cooler-1"
    },
    {
        "name": "Sample Cooler 2",
        "category": "cooler",
        "brand": "cooler master",
        "specs": {
            "detail": "Sample specs 2"
        },
        "price": 6598,
        "image_url": "https://example.com/images/cooler-2.jpg",
        "product_url": "https://example.com/products/cooler-2"
    },
    {
        "name": "Sample Cooler 3",
        "category": "cooler",
        "brand": "noctua",
        "specs": {
            "detail": "Sample specs 3"
        },
        "price": 16642,
        "image_url": "https://example.com/images/cooler-3.jpg",
        "product_url": "https://example.com/products/cooler-3"
    },
    {
        "name": "Sample Cooler 4",
        "category": "cooler",
        "brand": "cooler master",
        "specs": {
            "detail": "Sample specs 4"
        },
        "price": 21641,
        "image_url": "https://example.com/images/cooler-4.jpg",
        "product_url": "https://example.com/products/cooler-4"
    },
    {
        "name": "Sample Cooler 5",
        "category": "cooler",
        "brand": "noctua",
        "specs": {
            "detail": "Sample specs 5"
        },
        "price": 28777,
        "image_url": "https://example.com/images/cooler-5.jpg",
        "product_url": "https://example.com/products/cooler-5"
    },
    {
        "name": "Sample Cooler 6",
        "category": "cooler",
        "brand": "noctua",
        "specs": {
            "detail": "Sample specs 6"
        },
        "price": 35245,
        "image_url": "https://example.com/images/cooler-6.jpg",
        "product_url": "https://example.com/products/cooler-6"
    },
    {
        "name": "Sample Cooler 7",
        "category": "cooler",
        "brand": "deepcool",
        "specs": {
            "detail": "Sample specs 7"
        },
        "price": 25663,
        "image_url": "https://example.com/images/cooler-7.jpg",
        "product_url": "https://example.com/products/cooler-7"
    },
    {
        "name": "Sample Cooler 8",
        "category": "cooler",
        "brand": "noctua",
        "specs": {
            "detail": "Sample specs 8"
        },
        "price": 11684,
        "image_url": "https://example.com/images/cooler-8.jpg",
        "product_url": "https://example.com/products/cooler-8"
    },
    {
        "name": "Sample Cooler 9",
        "category": "cooler",
        "brand": "noctua",
        "specs": {
            "detail": "Sample specs 9"
        },
        "price": 46131,
        "image_url": "https://example.com/images/cooler-9.jpg",
        "product_url": "https://example.com/products/cooler-9"
    },
    {
        "name": "Sample Cooler 10",
        "category": "cooler",
        "brand": "noctua",
        "specs": {
            "detail": "Sample specs 10"
        },
        "price": 19922,
        "image_url": "https://example.com/images/cooler-10.jpg",
        "product_url": "https://example.com/products/cooler-10"
    },
    {
        "name": "Sample Cooler 11",
        "category": "cooler",
        "brand": "cooler master",
        "specs": {
            "detail": "Sample specs 11"
        },
        "price": 29607,
        "image_url": "https://example.com/images/cooler-11.jpg",
        "product_url": "https://example.com/products/cooler-11"
    },
    {
        "name": "Sample Cooler 12",
        "category": "cooler",
        "brand": "noctua",
        "specs": {
            "detail": "Sample specs 12"
        },
        "price": 7754,
        "image_url": "https://example.com/images/cooler-12.jpg",
        "product_url": "https://example.com/products/cooler-12"
    },
    {
        "name": "Sample Cooler 13",
        "category": "cooler",
        "brand": "deepcool",
        "specs": {
            "detail": "Sample specs 13"
        },
        "price": 44788,
        "image_url": "https://example.com/images/cooler-13.jpg",
        "product_url": "https://example.com/products/cooler-13"
    },
    {
        "name": "Sample Cooler 14",
        "category": "cooler",
        "brand": "cooler master",
        "specs": {
            "detail": "Sample specs 14"
        },
        "price": 14059,
        "image_url": "https://example.com/images/cooler-14.jpg",
        "product_url": "https://example.com/products/cooler-14"
    },
    {
        "name": "Sample Cooler 15",
        "category": "cooler",
        "brand": "cooler master",
        "specs": {
            "detail": "Sample specs 15"
        },
        "price": 11663,
        "image_url": "https://example.com/images/cooler-15.jpg",
        "product_url": "https://example.com/products/cooler-15"
    },
    {
        "name": "Sample Cooler 16",
        "category": "cooler",
        "brand": "cooler master",
        "specs": {
            "detail": "Sample specs 16"
        },
        "price": 5896,
        "image_url": "https://example.com/images/cooler-16.jpg",
        "product_url": "https://example.com/products/cooler-16"
    },
    {
        "name": "Sample Cooler 17",
        "category": "cooler",
        "brand": "cooler master",
        "specs": {
            "detail": "Sample specs 17"
        },
        "price": 21807,
        "image_url": "https://example.com/images/cooler-17.jpg",
        "product_url": "https://example.com/products/cooler-17"
    },
    {
        "name": "Sample Cooler 18",
        "category": "cooler",
        "brand": "deepcool",
        "specs": {
            "detail": "Sample specs 18"
        },
        "price": 28665,
        "image_url": "https://example.com/images/cooler-18.jpg",
        "product_url": "https://example.com/products/cooler-18"
    },
    {
        "name": "Sample Cooler 19",
        "category": "cooler",
        "brand": "cooler master",
        "specs": {
            "detail": "Sample specs 19"
        },
        "price": 40699,
        "image_url": "https://example.com/images/cooler-19.jpg",
        "product_url": "https://example.com/products/cooler-19"
    },
    {
        "name": "Sample Cooler 20",
        "category": "cooler",
        "brand": "deepcool",
        "specs": {
            "detail": "Sample specs 20"
        },
        "price": 11762,
        "image_url": "https://example.com/images/cooler-20.jpg",
        "product_url": "https://example.com/products/cooler-20"
    },
    {
        "name": "Sample Cooler 21",
        "category": "cooler",
        "brand": "deepcool",
        "specs": {
            "detail": "Sample specs 21"
        },
        "price": 43173,
        "image_url": "https://example.com/images/cooler-21.jpg",
        "product_url": "https://example.com/products/cooler-21"
    },
    {
        "name": "Sample Cooler 22",
        "category": "cooler",
        "brand": "deepcool",
        "specs": {
            "detail": "Sample specs 22"
        },
        "price": 37826,
        "image_url": "https://example.com/images/cooler-22.jpg",
        "product_url": "https://example.com/products/cooler-22"
    },
    {
        "name": "Sample Cooler 23",
        "category": "cooler",
        "brand": "cooler master",
        "specs": {
            "detail": "Sample specs 23"
        },
        "price": 43997,
        "image_url": "https://example.com/images/cooler-23.jpg",
        "product_url": "https://example.com/products/cooler-23"
    },
    {
        "name": "Sample Cooler 24",
        "category": "cooler",
        "brand": "noctua",
        "specs": {
            "detail": "Sample specs 24"
        },
        "price": 23881,
        "image_url": "https://example.com/images/cooler-24.jpg",
        "product_url": "https://example.com/products/cooler-24"
    },
    {
        "name": "Sample Cooler 25",
        "category": "cooler",
        "brand": "noctua",
        "specs": {
            "detail": "Sample specs 25"
        },
        "price": 39585,
        "image_url": "https://example.com/images/cooler-25.jpg",
        "product_url": "https://example.com/products/cooler-25"
    },
    {
        "name": "Sample Cooler 26",
        "category": "cooler",
        "brand": "noctua",
        "specs": {
            "detail": "Sample specs 26"
        },
        "price": 49334,
        "image_url": "https://example.com/images/cooler-26.jpg",
        "product_url": "https://example.com/products/cooler-26"
    },
    {
        "name": "Sample Cooler 27",
        "category": "cooler",
        "brand": "cooler master",
        "specs": {
            "detail": "Sample specs 27"
        },
        "price": 25398,
        "image_url": "https://example.com/images/cooler-27.jpg",
        "product_url": "https://example.com/products/cooler-27"
    },
    {
        "name": "Sample Cooler 28",
        "category": "cooler",
        "brand": "noctua",
        "specs": {
            "detail": "Sample specs 28"
        },
        "price": 22997,
        "image_url": "https://example.com/images/cooler-28.jpg",
        "product_url": "https://example.com/products/cooler-28"
    },
    {
        "name": "Sample Cooler 29",
        "category": "cooler",
        "brand": "noctua",
        "specs": {
            "detail": "Sample specs 29"
        },
        "price": 35938,
        "image_url": "https://example.com/images/cooler-29.jpg",
        "product_url": "https://example.com/products/cooler-29"
    },
    {
        "name": "Sample Cooler 30",
        "category": "cooler",
        "brand": "noctua",
        "specs": {
            "detail": "Sample specs 30"
        },
        "price": 15231,
        "image_url": "https://example.com/images/cooler-30.jpg",
        "product_url": "https://example.com/products/cooler-30"
    },
    {
        "name": "Sample Cooler 31",
        "category": "cooler",
        "brand": "cooler master",
        "specs": {
            "detail": "Sample specs 31"
        },
        "price": 42551,
        "image_url": "https://example.com/images/cooler-31.jpg",
        "product_url": "https://example.com/products/cooler-31"
    },
    {
        "name": "Sample Cooler 32",
        "category": "cooler",
        "brand": "deepcool",
        "specs": {
            "detail": "Sample specs 32"
        },
        "price": 38423,
        "image_url": "https://example.com/images/cooler-32.jpg",
        "product_url": "https://example.com/products/cooler-32"
    },
    {
        "name": "Sample Cooler 33",
        "category": "cooler",
        "brand": "noctua",
        "specs": {
            "detail": "Sample specs 33"
        },
        "price": 42912,
        "image_url": "https://example.com/images/cooler-33.jpg",
        "product_url": "https://example.com/products/cooler-33"
    },
    {
        "name": "Sample Cooler 34",
        "category": "cooler",
        "brand": "noctua",
        "specs": {
            "detail": "Sample specs 34"
        },
        "price": 21058,
        "image_url": "https://example.com/images/cooler-34.jpg",
        "product_url": "https://example.com/products/cooler-34"
    },
    {
        "name": "Sample Cooler 35",
        "category": "cooler",
        "brand": "noctua",
        "specs": {
            "detail": "Sample specs 35"
        },
        "price": 30130,
        "image_url": "https://example.com/images/cooler-35.jpg",
        "product_url": "https://example.com/products/cooler-35"
    },
    {
        "name": "Sample Cooler 36",
        "category": "cooler",
        "brand": "deepcool",
        "specs": {
            "detail": "Sample specs 36"
        },
        "price": 13743,
        "image_url": "https://example.com/images/cooler-36.jpg",
        "product_url": "https://example.com/products/cooler-36"
    },
    {
        "name": "Sample Cooler 37",
        "category": "cooler",
        "brand": "cooler master",
        "specs": {
            "detail": "Sample specs 37"
        },
        "price": 47185,
        "image_url": "https://example.com/images/cooler-37.jpg",
        "product_url": "https://example.com/products/cooler-37"
    },
    {
        "name": "Sample Cooler 38",
        "category": "cooler",
        "brand": "noctua",
        "specs": {
            "detail": "Sample specs 38"
        },
        "price": 49496,
        "image_url": "https://example.com/images/cooler-38.jpg",
        "product_url": "https://example.com/products/cooler-38"
    },
    {
        "name": "Sample Cooler 39",
        "category": "cooler",
        "brand": "deepcool",
        "specs": {
            "detail": "Sample specs 39"
        },
        "price": 35719,
        "image_url": "https://example.com/images/cooler-39.jpg",
        "product_url": "https://example.com/products/cooler-39"
    },
    {
        "name": "Sample Cooler 40",
        "category": "cooler",
        "brand": "cooler master",
        "specs": {
            "detail": "Sample specs 40"
        },
        "price": 27651,
        "image_url": "https://example.com/images/cooler-40.jpg",
        "product_url": "https://example.com/products/cooler-40"
    },
    {
        "name": "Sample Cooler 41",
        "category": "cooler",
        "brand": "deepcool",
        "specs": {
            "detail": "Sample specs 41"
        },
        "price": 9919,
        "image_url": "https://example.com/images/cooler-41.jpg",
        "product_url": "https://example.com/products/cooler-41"
    },
    {
        "name": "Sample Cooler 42",
        "category": "cooler",
        "brand": "cooler master",
        "specs": {
            "detail": "Sample specs 42"
        },
        "price": 16618,
        "image_url": "https://example.com/images/cooler-42.jpg",
        "product_url": "https://example.com/products/cooler-42"
    },
    {
        "name": "Sample Cooler 43",
        "category": "cooler",
        "brand": "cooler master",
        "specs": {
            "detail": "Sample specs 43"
        },
        "price": 22119,
        "image_url": "https://example.com/images/cooler-43.jpg",
        "product_url": "https://example.com/products/cooler-43"
    },
    {
        "name": "Sample Cooler 44",
        "category": "cooler",
        "brand": "noctua",
        "specs": {
            "detail": "Sample specs 44"
        },
        "price": 27045,
        "image_url": "https://example.com/images/cooler-44.jpg",
        "product_url": "https://example.com/products/cooler-44"
    },
    {
        "name": "Sample Cooler 45",
        "category": "cooler",
        "brand": "cooler master",
        "specs": {
            "detail": "Sample specs 45"
        },
        "price": 7764,
        "image_url": "https://example.com/images/cooler-45.jpg",
        "product_url": "https://example.com/products/cooler-45"
    },
    {
        "name": "Sample Cooler 46",
        "category": "cooler",
        "brand": "noctua",
        "specs": {
            "detail": "Sample specs 46"
        },
        "price": 41740,
        "image_url": "https://example.com/images/cooler-46.jpg",
        "product_url": "https://example.com/products/cooler-46"
    },
    {
        "name": "Sample Cooler 47",
        "category": "cooler",
        "brand": "noctua",
        "specs": {
            "detail": "Sample specs 47"
        },
        "price": 39188,
        "image_url": "https://example.com/images/cooler-47.jpg",
        "product_url": "https://example.com/products/cooler-47"
    },
    {
        "name": "Sample Cooler 48",
        "category": "cooler",
        "brand": "deepcool",
        "specs": {
            "detail": "Sample specs 48"
        },
        "price": 4357,
        "image_url": "https://example.com/images/cooler-48.jpg",
        "product_url": "https://example.com/products/cooler-48"
    },
    {
        "name": "Sample Cooler 49",
        "category": "cooler",
        "brand": "noctua",
        "specs": {
            "detail": "Sample specs 49"
        },
        "price": 49655,
        "image_url": "https://example.com/images/cooler-49.jpg",
        "product_url": "https://example.com/products/cooler-49"
    },
    {
        "name": "Sample Cooler 50",
        "category": "cooler",
        "brand": "deepcool",
        "specs": {
            "detail": "Sample specs 50"
        },
        "price": 28299,
        "image_url": "https://example.com/images/cooler-50.jpg",
        "product_url": "https://example.com/products/cooler-50"
    },
    {
        "name": "Sample Cooler 51",
        "category": "cooler",
        "brand": "deepcool",
        "specs": {
            "detail": "Sample specs 51"
        },
        "price": 40593,
        "image_url": "https://example.com/images/cooler-51.jpg",
        "product_url": "https://example.com/products/cooler-51"
    },
    {
        "name": "Sample Cooler 52",
        "category": "cooler",
        "brand": "cooler master",
        "specs": {
            "detail": "Sample specs 52"
        },
        "price": 26892,
        "image_url": "https://example.com/images/cooler-52.jpg",
        "product_url": "https://example.com/products/cooler-52"
    },
    {
        "name": "Sample Cooler 53",
        "category": "cooler",
        "brand": "cooler master",
        "specs": {
            "detail": "Sample specs 53"
        },
        "price": 38026,
        "image_url": "https://example.com/images/cooler-53.jpg",
        "product_url": "https://example.com/products/cooler-53"
    },
    {
        "name": "Sample Cooler 54",
        "category": "cooler",
        "brand": "deepcool",
        "specs": {
            "detail": "Sample specs 54"
        },
        "price": 46219,
        "image_url": "https://example.com/images/cooler-54.jpg",
        "product_url": "https://example.com/products/cooler-54"
    },
    {
        "name": "Sample Cooler 55",
        "category": "cooler",
        "brand": "noctua",
        "specs": {
            "detail": "Sample specs 55"
        },
        "price": 30216,
        "image_url": "https://example.com/images/cooler-55.jpg",
        "product_url": "https://example.com/products/cooler-55"
    },
    {
        "name": "Sample Cooler 56",
        "category": "cooler",
        "brand": "noctua",
        "specs": {
            "detail": "Sample specs 56"
        },
        "price": 19837,
        "image_url": "https://example.com/images/cooler-56.jpg",
        "product_url": "https://example.com/products/cooler-56"
    },
    {
        "name": "Sample Cooler 57",
        "category": "cooler",
        "brand": "deepcool",
        "specs": {
            "detail": "Sample specs 57"
        },
        "price": 3045,
        "image_url": "https://example.com/images/cooler-57.jpg",
        "product_url": "https://example.com/products/cooler-57"
    },
    {
        "name": "Sample Cooler 58",
        "category": "cooler",
        "brand": "cooler master",
        "specs": {
            "detail": "Sample specs 58"
        },
        "price": 16357,
        "image_url": "https://example.com/images/cooler-58.jpg",
        "product_url": "https://example.com/products/cooler-58"
    },
    {
        "name": "Sample Cooler 59",
        "category": "cooler",
        "brand": "cooler master",
        "specs": {
            "detail": "Sample specs 59"
        },
        "price": 32216,
        "image_url": "https://example.com/images/cooler-59.jpg",
        "product_url": "https://example.com/products/cooler-59"
    },
    {
        "name": "Sample Cooler 60",
        "category": "cooler",
        "brand": "noctua",
        "specs": {
            "detail": "Sample specs 60"
        },
        "price": 40658,
        "image_url": "https://example.com/images/cooler-60.jpg",
        "product_url": "https://example.com/products/cooler-60"
    },
    {
        "name": "Sample Cooler 61",
        "category": "cooler",
        "brand": "noctua",
        "specs": {
            "detail": "Sample specs 61"
        },
        "price": 19041,
        "image_url": "https://example.com/images/cooler-61.jpg",
        "product_url": "https://example.com/products/cooler-61"
    },
    {
        "name": "Sample Cooler 62",
        "category": "cooler",
        "brand": "noctua",
        "specs": {
            "detail": "Sample specs 62"
        },
        "price": 21579,
        "image_url": "https://example.com/images/cooler-62.jpg",
        "product_url": "https://example.com/products/cooler-62"
    },
    {
        "name": "Sample Cooler 63",
        "category": "cooler",
        "brand": "deepcool",
        "specs": {
            "detail": "Sample specs 63"
        },
        "price": 47067,
        "image_url": "https://example.com/images/cooler-63.jpg",
        "product_url": "https://example.com/products/cooler-63"
    },
    {
        "name": "Sample Cooler 64",
        "category": "cooler",
        "brand": "cooler master",
        "specs": {
            "detail": "Sample specs 64"
        },
        "price": 29062,
        "image_url": "https://example.com/images/cooler-64.jpg",
        "product_url": "https://example.com/products/cooler-64"
    },
    {
        "name": "Sample Cooler 65",
        "category": "cooler",
        "brand": "cooler master",
        "specs": {
            "detail": "Sample specs 65"
        },
        "price": 9462,
        "image_url": "https://example.com/images/cooler-65.jpg",
        "product_url": "https://example.com/products/cooler-65"
    },
    {
        "name": "Sample Cooler 66",
        "category": "cooler",
        "brand": "noctua",
        "specs": {
            "detail": "Sample specs 66"
        },
        "price": 34376,
        "image_url": "https://example.com/images/cooler-66.jpg",
        "product_url": "https://example.com/products/cooler-66"
    },
    {
        "name": "Sample Cooler 67",
        "category": "cooler",
        "brand": "deepcool",
        "specs": {
            "detail": "Sample specs 67"
        },
        "price": 25142,
        "image_url": "https://example.com/images/cooler-67.jpg",
        "product_url": "https://example.com/products/cooler-67"
    },
    {
        "name": "Sample Cooler 68",
        "category": "cooler",
        "brand": "noctua",
        "specs": {
            "detail": "Sample specs 68"
        },
        "price": 14555,
        "image_url": "https://example.com/images/cooler-68.jpg",
        "product_url": "https://example.com/products/cooler-68"
    },
    {
        "name": "Sample Cooler 69",
        "category": "cooler",
        "brand": "cooler master",
        "specs": {
            "detail": "Sample specs 69"
        },
        "price": 2518,
        "image_url": "https://example.com/images/cooler-69.jpg",
        "product_url": "https://example.com/products/cooler-69"
    },
    {
        "name": "Sample Cooler 70",
        "category": "cooler",
        "brand": "cooler master",
        "specs": {
            "detail": "Sample specs 70"
        },
        "price": 31267,
        "image_url": "https://example.com/images/cooler-70.jpg",
        "product_url": "https://example.com/products/cooler-70"
    },
    {
        "name": "Sample Cooler 71",
        "category": "cooler",
        "brand": "deepcool",
        "specs": {
            "detail": "Sample specs 71"
        },
        "price": 15113,
        "image_url": "https://example.com/images/cooler-71.jpg",
        "product_url": "https://example.com/products/cooler-71"
    },
    {
        "name": "Sample Cooler 72",
        "category": "cooler",
        "brand": "noctua",
        "specs": {
            "detail": "Sample specs 72"
        },
        "price": 3683,
        "image_url": "https://example.com/images/cooler-72.jpg",
        "product_url": "https://example.com/products/cooler-72"
    },
    {
        "name": "Sample Cooler 73",
        "category": "cooler",
        "brand": "noctua",
        "specs": {
            "detail": "Sample specs 73"
        },
        "price": 9759,
        "image_url": "https://example.com/images/cooler-73.jpg",
        "product_url": "https://example.com/products/cooler-73"
    },
    {
        "name": "Sample Cooler 74",
        "category": "cooler",
        "brand": "cooler master",
        "specs": {
            "detail": "Sample specs 74"
        },
        "price": 30625,
        "image_url": "https://example.com/images/cooler-74.jpg",
        "product_url": "https://example.com/products/cooler-74"
    },
    {
        "name": "Sample Cooler 75",
        "category": "cooler",
        "brand": "deepcool",
        "specs": {
            "detail": "Sample specs 75"
        },
        "price": 46898,
        "image_url": "https://example.com/images/cooler-75.jpg",
        "product_url": "https://example.com/products/cooler-75"
    },
    {
        "name": "Sample Cooler 76",
        "category": "cooler",
        "brand": "noctua",
        "specs": {
            "detail": "Sample specs 76"
        },
        "price": 41306,
        "image_url": "https://example.com/images/cooler-76.jpg",
        "product_url": "https://example.com/products/cooler-76"
    },
    {
        "name": "Sample Cooler 77",
        "category": "cooler",
        "brand": "deepcool",
        "specs": {
            "detail": "Sample specs 77"
        },
        "price": 49535,
        "image_url": "https://example.com/images/cooler-77.jpg",
        "product_url": "https://example.com/products/cooler-77"
    },
    {
        "name": "Sample Cooler 78",
        "category": "cooler",
        "brand": "noctua",
        "specs": {
            "detail": "Sample specs 78"
        },
        "price": 35640,
        "image_url": "https://example.com/images/cooler-78.jpg",
        "product_url": "https://example.com/products/cooler-78"
    },
    {
        "name": "Sample Cooler 79",
        "category": "cooler",
        "brand": "deepcool",
        "specs": {
            "detail": "Sample specs 79"
        },
        "price": 11101,
        "image_url": "https://example.com/images/cooler-79.jpg",
        "product_url": "https://example.com/products/cooler-79"
    },
    {
        "name": "Sample Cooler 80",
        "category": "cooler",
        "brand": "cooler master",
        "specs": {
            "detail": "Sample specs 80"
        },
        "price": 12681,
        "image_url": "https://example.com/images/cooler-80.jpg",
        "product_url": "https://example.com/products/cooler-80"
    },
    {
        "name": "Sample Cooler 81",
        "category": "cooler",
        "brand": "noctua",
        "specs": {
            "detail": "Sample specs 81"
        },
        "price": 8699,
        "image_url": "https://example.com/images/cooler-81.jpg",
        "product_url": "https://example.com/products/cooler-81"
    },
    {
        "name": "Sample Cooler 82",
        "category": "cooler",
        "brand": "deepcool",
        "specs": {
            "detail": "Sample specs 82"
        },
        "price": 40390,
        "image_url": "https://example.com/images/cooler-82.jpg",
        "product_url": "https://example.com/products/cooler-82"
    },
    {
        "name": "Sample Cooler 83",
        "category": "cooler",
        "brand": "noctua",
        "specs": {
            "detail": "Sample specs 83"
        },
        "price": 9448,
        "image_url": "https://example.com/images/cooler-83.jpg",
        "product_url": "https://example.com/products/cooler-83"
    },
    {
        "name": "Sample Cooler 84",
        "category": "cooler",
        "brand": "deepcool",
        "specs": {
            "detail": "Sample specs 84"
        },
        "price": 35526,
        "image_url": "https://example.com/images/cooler-84.jpg",
        "product_url": "https://example.com/products/cooler-84"
    },
    {
        "name": "Sample Cooler 85",
        "category": "cooler",
        "brand": "cooler master",
        "specs": {
            "detail": "Sample specs 85"
        },
        "price": 27787,
        "image_url": "https://example.com/images/cooler-85.jpg",
        "product_url": "https://example.com/products/cooler-85"
    },
    {
        "name": "Sample Cooler 86",
        "category": "cooler",
        "brand": "deepcool",
        "specs": {
            "detail": "Sample specs 86"
        },
        "price": 43579,
        "image_url": "https://example.com/images/cooler-86.jpg",
        "product_url": "https://example.com/products/cooler-86"
    },
    {
        "name": "Sample Cooler 87",
        "category": "cooler",
        "brand": "deepcool",
        "specs": {
            "detail": "Sample specs 87"
        },
        "price": 32600,
        "image_url": "https://example.com/images/cooler-87.jpg",
        "product_url": "https://example.com/products/cooler-87"
    },
    {
        "name": "Sample Cooler 88",
        "category": "cooler",
        "brand": "noctua",
        "specs": {
            "detail": "Sample specs 88"
        },
        "price": 18276,
        "image_url": "https://example.com/images/cooler-88.jpg",
        "product_url": "https://example.com/products/cooler-88"
    },
    {
        "name": "Sample Cooler 89",
        "category": "cooler",
        "brand": "cooler master",
        "specs": {
            "detail": "Sample specs 89"
        },
        "price": 3125,
        "image_url": "https://example.com/images/cooler-89.jpg",
        "product_url": "https://example.com/products/cooler-89"
    },
    {
        "name": "Sample Cooler 90",
        "category": "cooler",
        "brand": "cooler master",
        "specs": {
            "detail": "Sample specs 90"
        },
        "price": 36957,
        "image_url": "https://example.com/images/cooler-90.jpg",
        "product_url": "https://example.com/products/cooler-90"
    },
    {
        "name": "Sample Cooler 91",
        "category": "cooler",
        "brand": "cooler master",
        "specs": {
            "detail": "Sample specs 91"
        },
        "price": 36216,
        "image_url": "https://example.com/images/cooler-91.jpg",
        "product_url": "https://example.com/products/cooler-91"
    },
    {
        "name": "Sample Cooler 92",
        "category": "cooler",
        "brand": "cooler master",
        "specs": {
            "detail": "Sample specs 92"
        },
        "price": 16019,
        "image_url": "https://example.com/images/cooler-92.jpg",
        "product_url": "https://example.com/products/cooler-92"
    },
    {
        "name": "Sample Cooler 93",
        "category": "cooler",
        "brand": "deepcool",
        "specs": {
            "detail": "Sample specs 93"
        },
        "price": 30470,
        "image_url": "https://example.com/images/cooler-93.jpg",
        "product_url": "https://example.com/products/cooler-93"
    },
    {
        "name": "Sample Cooler 94",
        "category": "cooler",
        "brand": "noctua",
        "specs": {
            "detail": "Sample specs 94"
        },
        "price": 11955,
        "image_url": "https://example.com/images/cooler-94.jpg",
        "product_url": "https://example.com/products/cooler-94"
    },
    {
        "name": "Sample Cooler 95",
        "category": "cooler",
        "brand": "cooler master",
        "specs": {
            "detail": "Sample specs 95"
        },
        "price": 18625,
        "image_url": "https://example.com/images/cooler-95.jpg",
        "product_url": "https://example.com/products/cooler-95"
    },
    {
        "name": "Sample Cooler 96",
        "category": "cooler",
        "brand": "noctua",
        "specs": {
            "detail": "Sample specs 96"
        },
        "price": 39961,
        "image_url": "https://example.com/images/cooler-96.jpg",
        "product_url": "https://example.com/products/cooler-96"
    },
    {
        "name": "Sample Cooler 97",
        "category": "cooler",
        "brand": "deepcool",
        "specs": {
            "detail": "Sample specs 97"
        },
        "price": 41966,
        "image_url": "https://example.com/images/cooler-97.jpg",
        "product_url": "https://example.com/products/cooler-97"
    },
    {
        "name": "Sample Cooler 98",
        "category": "cooler",
        "brand": "cooler master",
        "specs": {
            "detail": "Sample specs 98"
        },
        "price": 25164,
        "image_url": "https://example.com/images/cooler-98.jpg",
        "product_url": "https://example.com/products/cooler-98"
    },
    {
        "name": "Sample Cooler 99",
        "category": "cooler",
        "brand": "noctua",
        "specs": {
            "detail": "Sample specs 99"
        },
        "price": 15222,
        "image_url": "https://example.com/images/cooler-99.jpg",
        "product_url": "https://example.com/products/cooler-99"
    },
    {
        "name": "Sample Cooler 100",
        "category": "cooler",
        "brand": "noctua",
        "specs": {
            "detail": "Sample specs 100"
        },
        "price": 8783,
        "image_url": "https://example.com/images/cooler-100.jpg",
        "product_url": "https://example.com/products/cooler-100"
    },
    {
        "name": "Sample Cooler 101",
        "category": "cooler",
        "brand": "noctua",
        "specs": {
            "detail": "Sample specs 101"
        },
        "price": 40481,
        "image_url": "https://example.com/images/cooler-101.jpg",
        "product_url": "https://example.com/products/cooler-101"
    },
    {
        "name": "Sample Cooler 102",
        "category": "cooler",
        "brand": "deepcool",
        "specs": {
            "detail": "Sample specs 102"
        },
        "price": 15653,
        "image_url": "https://example.com/images/cooler-102.jpg",
        "product_url": "https://example.com/products/cooler-102"
    },
    {
        "name": "Sample Cooler 103",
        "category": "cooler",
        "brand": "cooler master",
        "specs": {
            "detail": "Sample specs 103"
        },
        "price": 25750,
        "image_url": "https://example.com/images/cooler-103.jpg",
        "product_url": "https://example.com/products/cooler-103"
    },
    {
        "name": "Sample Cooler 104",
        "category": "cooler",
        "brand": "deepcool",
        "specs": {
            "detail": "Sample specs 104"
        },
        "price": 41659,
        "image_url": "https://example.com/images/cooler-104.jpg",
        "product_url": "https://example.com/products/cooler-104"
    },
    {
        "name": "Sample Cooler 105",
        "category": "cooler",
        "brand": "cooler master",
        "specs": {
            "detail": "Sample specs 105"
        },
        "price": 23639,
        "image_url": "https://example.com/images/cooler-105.jpg",
        "product_url": "https://example.com/products/cooler-105"
    },
    {
        "name": "Sample Cooler 106",
        "category": "cooler",
        "brand": "cooler master",
        "specs": {
            "detail": "Sample specs 106"
        },
        "price": 26270,
        "image_url": "https://example.com/images/cooler-106.jpg",
        "product_url": "https://example.com/products/cooler-106"
    },
    {
        "name": "Sample Cooler 107",
        "category": "cooler",
        "brand": "cooler master",
        "specs": {
            "detail": "Sample specs 107"
        },
        "price": 34267,
        "image_url": "https://example.com/images/cooler-107.jpg",
        "product_url": "https://example.com/products/cooler-107"
    },
    {
        "name": "Sample Cooler 108",
        "category": "cooler",
        "brand": "deepcool",
        "specs": {
            "detail": "Sample specs 108"
        },
        "price": 12781,
        "image_url": "https://example.com/images/cooler-108.jpg",
        "product_url": "https://example.com/products/cooler-108"
    },
    {
        "name": "Sample Cooler 109",
        "category": "cooler",
        "brand": "noctua",
        "specs": {
            "detail": "Sample specs 109"
        },
        "price": 12151,
        "image_url": "https://example.com/images/cooler-109.jpg",
        "product_url": "https://example.com/products/cooler-109"
    },
    {
        "name": "Sample Cooler 110",
        "category": "cooler",
        "brand": "noctua",
        "specs": {
            "detail": "Sample specs 110"
        },
        "price": 37771,
        "image_url": "https://example.com/images/cooler-110.jpg",
        "product_url": "https://example.com/products/cooler-110"
    },
    {
        "name": "Sample Cooler 111",
        "category": "cooler",
        "brand": "deepcool",
        "specs": {
            "detail": "Sample specs 111"
        },
        "price": 31411,
        "image_url": "https://example.com/images/cooler-111.jpg",
        "product_url": "https://example.com/products/cooler-111"
    },
    {
        "name": "Sample Cooler 112",
        "category": "cooler",
        "brand": "noctua",
        "specs": {
            "detail": "Sample specs 112"
        },
        "price": 12233,
        "image_url": "https://example.com/images/cooler-112.jpg",
        "product_url": "https://example.com/products/cooler-112"
    },
    {
        "name": "Sample Cooler 113",
        "category": "cooler",
        "brand": "noctua",
        "specs": {
            "detail": "Sample specs 113"
        },
        "price": 2129,
        "image_url": "https://example.com/images/cooler-113.jpg",
        "product_url": "https://example.com/products/cooler-113"
    },
    {
        "name": "Sample Cooler 114",
        "category": "cooler",
        "brand": "cooler master",
        "specs": {
            "detail": "Sample specs 114"
        },
        "price": 12444,
        "image_url": "https://example.com/images/cooler-114.jpg",
        "product_url": "https://example.com/products/cooler-114"
    },
    {
        "name": "Sample Cooler 115",
        "category": "cooler",
        "brand": "cooler master",
        "specs": {
            "detail": "Sample specs 115"
        },
        "price": 32607,
        "image_url": "https://example.com/images/cooler-115.jpg",
        "product_url": "https://example.com/products/cooler-115"
    },
    {
        "name": "Sample Cooler 116",
        "category": "cooler",
        "brand": "cooler master",
        "specs": {
            "detail": "Sample specs 116"
        },
        "price": 45566,
        "image_url": "https://example.com/images/cooler-116.jpg",
        "product_url": "https://example.com/products/cooler-116"
    },
    {
        "name": "Sample Cooler 117",
        "category": "cooler",
        "brand": "cooler master",
        "specs": {
            "detail": "Sample specs 117"
        },
        "price": 8612,
        "image_url": "https://example.com/images/cooler-117.jpg",
        "product_url": "https://example.com/products/cooler-117"
    },
    {
        "name": "Sample Cooler 118",
        "category": "cooler",
        "brand": "cooler master",
        "specs": {
            "detail": "Sample specs 118"
        },
        "price": 33884,
        "image_url": "https://example.com/images/cooler-118.jpg",
        "product_url": "https://example.com/products/cooler-118"
    },
    {
        "name": "Sample Cooler 119",
        "category": "cooler",
        "brand": "deepcool",
        "specs": {
            "detail": "Sample specs 119"
        },
        "price": 5364,
        "image_url": "https://example.com/images/cooler-119.jpg",
        "product_url": "https://example.com/products/cooler-119"
    },
    {
        "name": "Sample Cooler 120",
        "category": "cooler",
        "brand": "noctua",
        "specs": {
            "detail": "Sample specs 120"
        },
        "price": 32757,
        "image_url": "https://example.com/images/cooler-120.jpg",
        "product_url": "https://example.com/products/cooler-120"
    },
    {
        "name": "Sample Cooler 121",
        "category": "cooler",
        "brand": "deepcool",
        "specs": {
            "detail": "Sample specs 121"
        },
        "price": 33418,
        "image_url": "https://example.com/images/cooler-121.jpg",
        "product_url": "https://example.com/products/cooler-121"
    },
    {
        "name": "Sample Cooler 122",
        "category": "cooler",
        "brand": "deepcool",
        "specs": {
            "detail": "Sample specs 122"
        },
        "price": 40819,
        "image_url": "https://example.com/images/cooler-122.jpg",
        "product_url": "https://example.com/products/cooler-122"
    },
    {
        "name": "Sample Cooler 123",
        "category": "cooler",
        "brand": "cooler master",
        "specs": {
            "detail": "Sample specs 123"
        },
        "price": 32682,
        "image_url": "https://example.com/images/cooler-123.jpg",
        "product_url": "https://example.com/products/cooler-123"
    },
    {
        "name": "Sample Cooler 124",
        "category": "cooler",
        "brand": "noctua",
        "specs": {
            "detail": "Sample specs 124"
        },
        "price": 29652,
        "image_url": "https://example.com/images/cooler-124.jpg",
        "product_url": "https://example.com/products/cooler-124"
    },
    {
        "name": "Sample Cooler 125",
        "category": "cooler",
        "brand": "cooler master",
        "specs": {
            "detail": "Sample specs 125"
        },
        "price": 21348,
        "image_url": "https://example.com/images/cooler-125.jpg",
        "product_url": "https://example.com/products/cooler-125"
    },
    {
        "name": "Sample Cooler 126",
        "category": "cooler",
        "brand": "deepcool",
        "specs": {
            "detail": "Sample specs 126"
        },
        "price": 44149,
        "image_url": "https://example.com/images/cooler-126.jpg",
        "product_url": "https://example.com/products/cooler-126"
    },
    {
        "name": "Sample Cooler 127",
        "category": "cooler",
        "brand": "noctua",
        "specs": {
            "detail": "Sample specs 127"
        },
        "price": 11079,
        "image_url": "https://example.com/images/cooler-127.jpg",
        "product_url": "https://example.com/products/cooler-127"
    },
    {
        "name": "Sample Cooler 128",
        "category": "cooler",
        "brand": "cooler master",
        "specs": {
            "detail": "Sample specs 128"
        },
        "price": 28562,
        "image_url": "https://example.com/images/cooler-128.jpg",
        "product_url": "https://example.com/products/cooler-128"
    },
    {
        "name": "Sample Cooler 129",
        "category": "cooler",
        "brand": "noctua",
        "specs": {
            "detail": "Sample specs 129"
        },
        "price": 47965,
        "image_url": "https://example.com/images/cooler-129.jpg",
        "product_url": "https://example.com/products/cooler-129"
    },
    {
        "name": "Sample Cooler 130",
        "category": "cooler",
        "brand": "deepcool",
        "specs": {
            "detail": "Sample specs 130"
        },
        "price": 24456,
        "image_url": "https://example.com/images/cooler-130.jpg",
        "product_url": "https://example.com/products/cooler-130"
    },
    {
        "name": "Sample Cooler 131",
        "category": "cooler",
        "brand": "cooler master",
        "specs": {
            "detail": "Sample specs 131"
        },
        "price": 19423,
        "image_url": "https://example.com/images/cooler-131.jpg",
        "product_url": "https://example.com/products/cooler-131"
    },
    {
        "name": "Sample Cooler 132",
        "category": "cooler",
        "brand": "noctua",
        "specs": {
            "detail": "Sample specs 132"
        },
        "price": 39596,
        "image_url": "https://example.com/images/cooler-132.jpg",
        "product_url": "https://example.com/products/cooler-132"
    },
    {
        "name": "Sample Cooler 133",
        "category": "cooler",
        "brand": "noctua",
        "specs": {
            "detail": "Sample specs 133"
        },
        "price": 22658,
        "image_url": "https://example.com/images/cooler-133.jpg",
        "product_url": "https://example.com/products/cooler-133"
    },
    {
        "name": "Sample Cooler 134",
        "category": "cooler",
        "brand": "cooler master",
        "specs": {
            "detail": "Sample specs 134"
        },
        "price": 17357,
        "image_url": "https://example.com/images/cooler-134.jpg",
        "product_url": "https://example.com/products/cooler-134"
    },
    {
        "name": "Sample Cooler 135",
        "category": "cooler",
        "brand": "cooler master",
        "specs": {
            "detail": "Sample specs 135"
        },
        "price": 12126,
        "image_url": "https://example.com/images/cooler-135.jpg",
        "product_url": "https://example.com/products/cooler-135"
    },
    {
        "name": "Sample Cooler 136",
        "category": "cooler",
        "brand": "noctua",
        "specs": {
            "detail": "Sample specs 136"
        },
        "price": 4274,
        "image_url": "https://example.com/images/cooler-136.jpg",
        "product_url": "https://example.com/products/cooler-136"
    },
    {
        "name": "Sample Cooler 137",
        "category": "cooler",
        "brand": "noctua",
        "specs": {
            "detail": "Sample specs 137"
        },
        "price": 11528,
        "image_url": "https://example.com/images/cooler-137.jpg",
        "product_url": "https://example.com/products/cooler-137"
    },
    {
        "name": "Sample Cooler 138",
        "category": "cooler",
        "brand": "cooler master",
        "specs": {
            "detail": "Sample specs 138"
        },
        "price": 5287,
        "image_url": "https://example.com/images/cooler-138.jpg",
        "product_url": "https://example.com/products/cooler-138"
    },
    {
        "name": "Sample Cooler 139",
        "category": "cooler",
        "brand": "cooler master",
        "specs": {
            "detail": "Sample specs 139"
        },
        "price": 12399,
        "image_url": "https://example.com/images/cooler-139.jpg",
        "product_url": "https://example.com/products/cooler-139"
    },
    {
        "name": "Sample Cooler 140",
        "category": "cooler",
        "brand": "deepcool",
        "specs": {
            "detail": "Sample specs 140"
        },
        "price": 21433,
        "image_url": "https://example.com/images/cooler-140.jpg",
        "product_url": "https://example.com/products/cooler-140"
    },
    {
        "name": "Sample Cooler 141",
        "category": "cooler",
        "brand": "deepcool",
        "specs": {
            "detail": "Sample specs 141"
        },
        "price": 15788,
        "image_url": "https://example.com/images/cooler-141.jpg",
        "product_url": "https://example.com/products/cooler-141"
    },
    {
        "name": "Sample Cooler 142",
        "category": "cooler",
        "brand": "cooler master",
        "specs": {
            "detail": "Sample specs 142"
        },
        "price": 14461,
        "image_url": "https://example.com/images/cooler-142.jpg",
        "product_url": "https://example.com/products/cooler-142"
    },
    {
        "name": "Sample Cooler 143",
        "category": "cooler",
        "brand": "cooler master",
        "specs": {
            "detail": "Sample specs 143"
        },
        "price": 23148,
        "image_url": "https://example.com/images/cooler-143.jpg",
        "product_url": "https://example.com/products/cooler-143"
    },
    {
        "name": "Sample Cooler 144",
        "category": "cooler",
        "brand": "deepcool",
        "specs": {
            "detail": "Sample specs 144"
        },
        "price": 16428,
        "image_url": "https://example.com/images/cooler-144.jpg",
        "product_url": "https://example.com/products/cooler-144"
    },
    {
        "name": "Sample Cooler 145",
        "category": "cooler",
        "brand": "noctua",
        "specs": {
            "detail": "Sample specs 145"
        },
        "price": 32188,
        "image_url": "https://example.com/images/cooler-145.jpg",
        "product_url": "https://example.com/products/cooler-145"
    },
    {
        "name": "Sample Cooler 146",
        "category": "cooler",
        "brand": "deepcool",
        "specs": {
            "detail": "Sample specs 146"
        },
        "price": 48108,
        "image_url": "https://example.com/images/cooler-146.jpg",
        "product_url": "https://example.com/products/cooler-146"
    },
    {
        "name": "Sample Cooler 147",
        "category": "cooler",
        "brand": "noctua",
        "specs": {
            "detail": "Sample specs 147"
        },
        "price": 28893,
        "image_url": "https://example.com/images/cooler-147.jpg",
        "product_url": "https://example.com/products/cooler-147"
    },
    {
        "name": "Sample Cooler 148",
        "category": "cooler",
        "brand": "deepcool",
        "specs": {
            "detail": "Sample specs 148"
        },
        "price": 34970,
        "image_url": "https://example.com/images/cooler-148.jpg",
        "product_url": "https://example.com/products/cooler-148"
    },
    {
        "name": "Sample Cooler 149",
        "category": "cooler",
        "brand": "deepcool",
        "specs": {
            "detail": "Sample specs 149"
        },
        "price": 41728,
        "image_url": "https://example.com/images/cooler-149.jpg",
        "product_url": "https://example.com/products/cooler-149"
    },
    {
        "name": "Sample Cooler 150",
        "category": "cooler",
        "brand": "cooler master",
        "specs": {
            "detail": "Sample specs 150"
        },
        "price": 29121,
        "image_url": "https://example.com/images/cooler-150.jpg",
        "product_url": "https://example.com/products/cooler-150"
    }
]