[
    {
        "name": "Sample Cpu 1",
        "category": "cpu",
        "brand": "intel",
        "specs": {
            "detail": "Sample specs 1"
        },
        "price": 11635,
        "image_url": "https://example.com/images/cpu-1.jpg",
        "product_url": "https://example.com/products/cpu-1"
    },
    {
        "name": "Sample Cpu 2",
        "category": "cpu",
        "brand": "intel",
        "specs": {
            "detail": "Sample specs 2"
        },
        "price": 30604,
        "image_url": "https://example.com/images/cpu-2.jpg",
        "product_url": "https://example.com/products/cpu-2"
    },
    {
        "name": "Sample Cpu 3",
        "category": "cpu",
        "brand": "amd",
        "specs": {
            "detail": "Sample specs 3"
        },
        "price": 34556,
        "image_url": "https://example.com/images/cpu-3.jpg",
        "product_url": "https://example.com/products/cpu-3"
    },
    {
        "name": "Sample Cpu 4",
        "category": "cpu",
        "brand": "amd",
        "specs": {
            "detail": "Sample specs 4"
        },
        "price": 20505,
        "image_url": "https://example.com/images/cpu-4.jpg",
        "product_url": "https://example.com/products/cpu-4"
    },
    {
        "name": "Sample Cpu 5",
        "category": "cpu",
        "brand": "intel",
        "specs": {
            "detail": "Sample specs 5"
        },
        "price": 2065,
        "image_url": "https://example.com/images/cpu-5.jpg",
        "product_url": "https://example.com/products/cpu-5"
    },
    {
        "name": "Sample Cpu 6",
        "category": "cpu",
        "brand": "amd",
        "specs": {
            "detail": "Sample specs 6"
        },
        "price": 27614,
        "image_url": "https://example.com/images/cpu-6.jpg",
        "product_url": "https://example.com/products/cpu-6"
    },
    {
        "name": "Sample Cpu 7",
        "category": "cpu",
        "brand": "intel",
        "specs": {
            "detail": "Sample specs 7"
        },
        "price": 49763,
        "image_url": "https://example.com/images/cpu-7.jpg",
        "product_url": "https://example.com/products/cpu-7"
    },
    {
        "name": "Sample Cpu 8",
        "category": "cpu",
        "brand": "intel",
        "specs": {
            "detail": "Sample specs 8"
        },
        "price": 36893,
        "image_url": "https://example.com/images/cpu-8.jpg",
        "product_url": "https://example.com/products/cpu-8"
    },
    {
        "name": "Sample Cpu 9",
        "category": "cpu",
        "brand": "intel",
        "specs": {
            "detail": "Sample specs 9"
        },
        "price": 8331,
        "image_url": "https://example.com/images/cpu-9.jpg",
        "product_url": "https://example.com/products/cpu-9"
    },
    {
        "name": "Sample Cpu 10",
        "category": "cpu",
        "brand": "amd",
        "specs": {
            "detail": "Sample specs 10"
        },
        "price": 47305,
        "image_url": "https://example.com/images/cpu-10.jpg",
        "product_url": "https://example.com/products/cpu-10"
    },
    {
        "name": "Sample Cpu 11",
        "category": "cpu",
        "brand": "amd",
        "specs": {
            "detail": "Sample specs 11"
        },
        "price": 46264,
        "image_url": "https://example.com/images/cpu-11.jpg",
        "product_url": "https://example.com/products/cpu-11"
    },
    {
        "name": "Sample Cpu 12",
        "category": "cpu",
        "brand": "amd",
        "specs": {
            "detail": "Sample specs 12"
        },
        "price": 4631,
        "image_url": "https://example.com/images/cpu-12.jpg",
        "product_url": "https://example.com/products/cpu-12"
    },
    {
        "name": "Sample Cpu 13",
        "category": "cpu",
        "brand": "intel",
        "specs": {
            "detail": "Sample specs 13"
        },
        "price": 32277,
        "image_url": "https://example.com/images/cpu-13.jpg",
        "product_url": "https://example.com/products/cpu-13"
    },
    {
        "name": "Sample Cpu 14",
        "category": "cpu",
        "brand": "intel",
        "specs": {
            "detail": "Sample specs 14"
        },
        "price": 12989,
        "image_url": "https://example.com/images/cpu-14.jpg",
        "product_url": "https://example.com/products/cpu-14"
    },
    {
        "name": "Sample Cpu 15",
        "category": "cpu",
        "brand": "amd",
        "specs": {
            "detail": "Sample specs 15"
        },
        "price": 31441,
        "image_url": "https://example.com/images/cpu-15.jpg",
        "product_url": "https://example.com/products/cpu-15"
    },
    {
        "name": "Sample Cpu 16",
        "category": "cpu",
        "brand": "intel",
        "specs": {
            "detail": "Sample specs 16"
        },
        "price": 29067,
        "image_url": "https://example.com/images/cpu-16.jpg",
        "product_url": "https://example.com/products/cpu-16"
    },
    {
        "name": "Sample Cpu 17",
        "category": "cpu",
        "brand": "intel",
        "specs": {
            "detail": "Sample specs 17"
        },
        "price": 7068,
        "image_url": "https://example.com/images/cpu-17.jpg",
        "product_url": "https://example.com/products/cpu-17"
    },
    {
        "name": "Sample Cpu 18",
        "category": "cpu",
        "brand": "intel",
        "specs": {
            "detail": "Sample specs 18"
        },
        "price": 43798,
        "image_url": "https://example.com/images/cpu-18.jpg",
        "product_url": "https://example.com/products/cpu-18"
    },
    {
        "name": "Sample Cpu 19",
        "category": "cpu",
        "brand": "amd",
        "specs": {
            "detail": "Sample specs 19"
        },
        "price": 18902,
        "image_url": "https://example.com/images/cpu-19.jpg",
        "product_url": "https://example.com/products/cpu-19"
    },
    {
        "name": "Sample Cpu 20",
        "category": "cpu",
        "brand": "intel",
        "specs": {
            "detail": "Sample specs 20"
        },
        "price": 4763,
        "image_url": "https://example.com/images/cpu-20.jpg",
        "product_url": "https://example.com/products/cpu-20"
    },
    {
        "name": "Sample Cpu 21",
        "category": "cpu",
        "brand": "intel",
        "specs": {
            "detail": "Sample specs 21"
        },
        "price": 8538,
        "image_url": "https://example.com/images/cpu-21.jpg",
        "product_url": "https://example.com/products/cpu-21"
    },
    {
        "name": "Sample Cpu 22",
        "category": "cpu",
        "brand": "intel",
        "specs": {
            "detail": "Sample specs 22"
        },
        "price": 32587,
        "image_url": "https://example.com/images/cpu-22.jpg",
        "product_url": "https://example.com/products/cpu-22"
    },
    {
        "name": "Sample Cpu 23",
        "category": "cpu",
        "brand": "intel",
        "specs": {
            "detail": "Sample specs 23"
        },
        "price": 38288,
        "image_url": "https://example.com/images/cpu-23.jpg",
        "product_url": "https://example.com/products/cpu-23"
    },
    {
        "name": "Sample Cpu 24",
        "category": "cpu",
        "brand": "intel",
        "specs": {
            "detail": "Sample specs 24"
        },
        "price": 5933,
        "image_url": "https://example.com/images/cpu-24.jpg",
        "product_url": "https://example.com/products/cpu-24"
    },
    {
        "name": "Sample Cpu 25",
        "category": "cpu",
        "brand": "intel",
        "specs": {
            "detail": "Sample specs 25"
        },
        "price": 8114,
        "image_url": "https://example.com/images/cpu-25.jpg",
        "product_url": "https://example.com/products/cpu-25"
    },
    {
        "name": "Sample Cpu 26",
        "category": "cpu",
        "brand": "amd",
        "specs": {
            "detail": "Sample specs 26"
        },
        "price": 26481,
        "image_url": "https://example.com/images/cpu-26.jpg",
        "product_url": "https://example.com/products/cpu-26"
    },
    {
        "name": "Sample Cpu 27",
        "category": "cpu",
        "brand": "intel",
        "specs": {
            "detail": "Sample specs 27"
        },
        "price": 43237,
        "image_url": "https://example.com/images/cpu-27.jpg",
        "product_url": "https://example.com/products/cpu-27"
    },
    {
        "name": "Sample Cpu 28",
        "category": "cpu",
        "brand": "intel",
        "specs": {
            "detail": "Sample specs 28"
        },
        "price": 27818,
        "image_url": "https://example.com/images/cpu-28.jpg",
        "product_url": "https://example.com/products/cpu-28"
    },
    {
        "name": "Sample Cpu 29",
        "category": "cpu",
        "brand": "intel",
        "specs": {
            "detail": "Sample specs 29"
        },
        "price": 28707,
        "image_url": "https://example.com/images/cpu-29.jpg",
        "product_url": "https://example.com/products/cpu-29"
    },
    {
        "name": "Sample Cpu 30",
        "category": "cpu",
        "brand": "amd",
        "specs": {
            "detail": "Sample specs 30"
        },
        "price": 3284,
        "image_url": "https://example.com/images/cpu-30.jpg",
        "product_url": "https://example.com/products/cpu-30"
    },
    {
        "name": "Sample Cpu 31",
        "category": "cpu",
        "brand": "intel",
        "specs": {
            "detail": "Sample specs 31"
        },
        "price": 21934,
        "image_url": "https://example.com/images/cpu-31.jpg",
        "product_url": "https://example.com/products/cpu-31"
    },
    {
        "name": "Sample Cpu 32",
        "category": "cpu",
        "brand": "amd",
        "specs": {
            "detail": "Sample specs 32"
        },
        "price": 43839,
        "image_url": "https://example.com/images/cpu-32.jpg",
        "product_url": "https://example.com/products/cpu-32"
    },
    {
        "name": "Sample Cpu 33",
        "category": "cpu",
        "brand": "intel",
        "specs": {
            "detail": "Sample specs 33"
        },
        "price": 45580,
        "image_url": "https://example.com/images/cpu-33.jpg",
        "product_url": "https://example.com/products/cpu-33"
    },
    {
        "name": "Sample Cpu 34",
        "category": "cpu",
        "brand": "intel",
        "specs": {
            "detail": "Sample specs 34"
        },
        "price": 34821,
        "image_url": "https://example.com/images/cpu-34.jpg",
        "product_url": "https://example.com/products/cpu-34"
    },
    {
        "name": "Sample Cpu 35",
        "category": "cpu",
        "brand": "intel",
        "specs": {
            "detail": "Sample specs 35"
        },
        "price": 34928,
        "image_url": "https://example.com/images/cpu-35.jpg",
        "product_url": "https://example.com/products/cpu-35"
    },
    {
        "name": "Sample Cpu 36",
        "category": "cpu",
        "brand": "amd",
        "specs": {
            "detail": "Sample specs 36"
        },
        "price": 11670,
        "image_url": "https://example.com/images/cpu-36.jpg",
        "product_url": "https://example.com/products/cpu-36"
    },
    {
        "name": "Sample Cpu 37",
        "category": "cpu",
        "brand": "intel",
        "specs": {
            "detail": "Sample specs 37"
        },
        "price": 45592,
        "image_url": "https://example.com/images/cpu-37.jpg",
        "product_url": "https://example.com/products/cpu-37"
    },
    {
        "name": "Sample Cpu 38",
        "category": "cpu",
        "brand": "intel",
        "specs": {
            "detail": "Sample specs 38"
        },
        "price": 41131,
        "image_url": "https://example.com/images/cpu-38.jpg",
        "product_url": "https://example.com/products/cpu-38"
    },
    {
        "name": "Sample Cpu 39",
        "category": "cpu",
        "brand": "amd",
        "specs": {
            "detail": "Sample specs 39"
        },
        "price": 20329,
        "image_url": "https://example.com/images/cpu-39.jpg",
        "product_url": "https://example.com/products/cpu-39"
    },
    {
        "name": "Sample Cpu 40",
        "category": "cpu",
        "brand": "intel",
        "specs": {
            "detail": "Sample specs 40"
        },
        "price": 8144,
        "image_url": "https://example.com/images/cpu-40.jpg",
        "product_url": "https://example.com/products/cpu-40"
    },
    {
        "name": "Sample Cpu 41",
        "category": "cpu",
        "brand": "amd",
        "specs": {
            "detail": "Sample specs 41"
        },
        "price": 42810,
        "image_url": "https://example.com/images/cpu-41.jpg",
        "product_url": "https://example.com/products/cpu-41"
    },
    {
        "name": "Sample Cpu 42",
        "category": "cpu",
        "brand": "intel",
        "specs": {
            "detail": "Sample specs 42"
        },
        "price": 15983,
        "image_url": "https://example.com/images/cpu-42.jpg",
        "product_url": "https://example.com/products/cpu-42"
    },
    {
        "name": "Sample Cpu 43",
        "category": "cpu",
        "brand": "amd",
        "specs": {
            "detail": "Sample specs 43"
        },
        "price": 21954,
        "image_url": "https://example.com/images/cpu-43.jpg",
        "product_url": "https://example.com/products/cpu-43"
    },
    {
        "name": "Sample Cpu 44",
        "category": "cpu",
        "brand": "intel",
        "specs": {
            "detail": "Sample specs 44"
        },
        "price": 32958,
        "image_url": "https://example.com/images/cpu-44.jpg",
        "product_url": "https://example.com/products/cpu-44"
    },
    {
        "name": "Sample Cpu 45",
        "category": "cpu",
        "brand": "amd",
        "specs": {
            "detail": "Sample specs 45"
        },
        "price": 18375,
        "image_url": "https://example.com/images/cpu-45.jpg",
        "product_url": "https://example.com/products/cpu-45"
    },
    {
        "name": "Sample Cpu 46",
        "category": "cpu",
        "brand": "amd",
        "specs": {
            "detail": "Sample specs 46"
        },
        "price": 32527,
        "image_url": "https://example.com/images/cpu-46.jpg",
        "product_url": "https://example.com/products/cpu-46"
    },
    {
        "name": "Sample Cpu 47",
        "category": "cpu",
        "brand": "amd",
        "specs": {
            "detail": "Sample specs 47"
        },
        "price": 47965,
        "image_url": "https://example.com/images/cpu-47.jpg",
        "product_url": "https://example.com/products/cpu-47"
    },
    {
        "name": "Sample Cpu 48",
        "category": "cpu",
        "brand": "amd",
        "specs": {
            "detail": "Sample specs 48"
        },
        "price": 16092,
        "image_url": "https://example.com/images/cpu-48.jpg",
        "product_url": "https://example.com/products/cpu-48"
    },
    {
        "name": "Sample Cpu 49",
        "category": "cpu",
        "brand": "amd",
        "specs": {
            "detail": "Sample specs 49"
        },
        "price": 7180,
        "image_url": "https://example.com/images/cpu-49.jpg",
        "product_url": "https://example.com/products/cpu-49"
    },
    {
        "name": "Sample Cpu 50",
        "category": "cpu",
        "brand": "amd",
        "specs": {
            "detail": "Sample specs 50"
        },
        "price": 32070,
        "image_url": "https://example.com/images/cpu-50.jpg",
        "product_url": "https://example.com/products/cpu-50"
    },
    {
        "name": "Sample Cpu 51",
        "category": "cpu",
        "brand": "intel",
        "specs": {
            "detail": "Sample specs 51"
        },
        "price": 4892,
        "image_url": "https://example.com/images/cpu-51.jpg",
        "product_url": "https://example.com/products/cpu-51"
    },
    {
        "name": "Sample Cpu 52",
        "category": "cpu",
        "brand": "intel",
        "specs": {
            "detail": "Sample specs 52"
        },
        "price": 8264,
        "image_url": "https://example.com/images/cpu-52.jpg",
        "product_url": "https://example.com/products/cpu-52"
    },
    {
        "name": "Sample Cpu 53",
        "category": "cpu",
        "brand": "intel",
        "specs": {
            "detail": "Sample specs 53"
        },
        "price": 19295,
        "image_url": "https://example.com/images/cpu-53.jpg",
        "product_url": "https://example.com/products/cpu-53"
    },
    {
        "name": "Sample Cpu 54",
        "category": "cpu",
        "brand": "intel",
        "specs": {
            "detail": "Sample specs 54"
        },
        "price": 20442,
        "image_url": "https://example.com/images/cpu-54.jpg",
        "product_url": "https://example.com/products/cpu-54"
    },
    {
        "name": "Sample Cpu 55",
        "category": "cpu",
        "brand": "intel",
        "specs": {
            "detail": "Sample specs 55"
        },
        "price": 22063,
        "image_url": "https://example.com/images/cpu-55.jpg",
        "product_url": "https://example.com/products/cpu-55"
    },
    {
        "name": "Sample Cpu 56",
        "category": "cpu",
        "brand": "amd",
        "specs": {
            "detail": "Sample specs 56"
        },
        "price": 15175,
        "image_url": "https://example.com/images/cpu-56.jpg",
        "product_url": "https://example.com/products/cpu-56"
    },
    {
        "name": "Sample Cpu 57",
        "category": "cpu",
        "brand": "amd",
        "specs": {
            "detail": "Sample specs 57"
        },
        "price": 22051,
        "image_url": "https://example.com/images/cpu-57.jpg",
        "product_url": "https://example.com/products/cpu-57"
    },
    {
        "name": "Sample Cpu 58",
        "category": "cpu",
        "brand": "amd",
        "specs": {
            "detail": "Sample specs 58"
        },
        "price": 24959,
        "image_url": "https://example.com/images/cpu-58.jpg",
        "product_url": "https://example.com/products/cpu-58"
    },
    {
        "name": "Sample Cpu 59",
        "category": "cpu",
        "brand": "intel",
        "specs": {
            "detail": "Sample specs 59"
        },
        "price": 29868,
        "image_url": "https://example.com/images/cpu-59.jpg",
        "product_url": "https://example.com/products/cpu-59"
    },
    {
        "name": "Sample Cpu 60",
        "category": "cpu",
        "brand": "intel",
        "specs": {
            "detail": "Sample specs 60"
        },
        "price": 15869,
        "image_url": "https://example.com/images/cpu-60.jpg",
        "product_url": "https://example.com/products/cpu-60"
    },
    {
        "name": "Sample Cpu 61",
        "category": "cpu",
        "brand": "intel",
        "specs": {
            "detail": "Sample specs 61"
        },
        "price": 21926,
        "image_url": "https://example.com/images/cpu-61.jpg",
        "product_url": "https://example.com/products/cpu-61"
    },
    {
        "name": "Sample Cpu 62",
        "category": "cpu",
        "brand": "intel",
        "specs": {
            "detail": "Sample specs 62"
        },
        "price": 38827,
        "image_url": "https://example.com/images/cpu-62.jpg",
        "product_url": "https://example.com/products/cpu-62"
    },
    {
        "name": "Sample Cpu 63",
        "category": "cpu",
        "brand": "intel",
        "specs": {
            "detail": "Sample specs 63"
        },
        "price": 23021,
        "image_url": "https://example.com/images/cpu-63.jpg",
        "product_url": "https://example.com/products/cpu-63"
    },
    {
        "name": "Sample Cpu 64",
        "category": "cpu",
        "brand": "amd",
        "specs": {
            "detail": "Sample specs 64"
        },
        "price": 17168,
        "image_url": "https://example.com/images/cpu-64.jpg",
        "product_url": "https://example.com/products/cpu-64"
    },
    {
        "name": "Sample Cpu 65",
        "category": "cpu",
        "brand": "intel",
        "specs": {
            "detail": "Sample specs 65"
        },
        "price": 7366,
        "image_url": "https://example.com/images/cpu-65.jpg",
        "product_url": "https://example.com/products/cpu-65"
    },
    {
        "name": "Sample Cpu 66",
        "category": "cpu",
        "brand": "amd",
        "specs": {
            "detail": "Sample specs 66"
        },
        "price": 33207,
        "image_url": "https://example.com/images/cpu-66.jpg",
        "product_url": "https://example.com/products/cpu-66"
    },
    {
        "name": "Sample Cpu 67",
        "category": "cpu",
        "brand": "amd",
        "specs": {
            "detail": "Sample specs 67"
        },
        "price": 34599,
        "image_url": "https://example.com/images/cpu-67.jpg",
        "product_url": "https://example.com/products/cpu-67"
    },
    {
        "name": "Sample Cpu 68",
        "category": "cpu",
        "brand": "amd",
        "specs": {
            "detail": "Sample specs 68"
        },
        "price": 22082,
        "image_url": "https://example.com/images/cpu-68.jpg",
        "product_url": "https://example.com/products/cpu-68"
    },
    {
        "name": "Sample Cpu 69",
        "category": "cpu",
        "brand": "amd",
        "specs": {
            "detail": "Sample specs 69"
        },
        "price": 24419,
        "image_url": "https://example.com/images/cpu-69.jpg",
        "product_url": "https://example.com/products/cpu-69"
    },
    {
        "name": "Sample Cpu 70",
        "category": "cpu",
        "brand": "intel",
        "specs": {
            "detail": "Sample specs 70"
        },
        "price": 14589,
        "image_url": "https://example.com/images/cpu-70.jpg",
        "product_url": "https://example.com/products/cpu-70"
    },
    {
        "name": "Sample Cpu 71",
        "category": "cpu",
        "brand": "intel",
        "specs": {
            "detail": "Sample specs 71"
        },
        "price": 27250,
        "image_url": "https://example.com/images/cpu-71.jpg",
        "product_url": "https://example.com/products/cpu-71"
    },
    {
        "name": "Sample Cpu 72",
        "category": "cpu",
        "brand": "intel",
        "specs": {
            "detail": "Sample specs 72"
        },
        "price": 30174,
        "image_url": "https://example.com/images/cpu-72.jpg",
        "product_url": "https://example.com/products/cpu-72"
    },
    {
        "name": "Sample Cpu 73",
        "category": "cpu",
        "brand": "intel",
        "specs": {
            "detail": "Sample specs 73"
        },
        "price": 8480,
        "image_url": "https://example.com/images/cpu-73.jpg",
        "product_url": "https://example.com/products/cpu-73"
    },
    {
        "name": "Sample Cpu 74",
        "category": "cpu",
        "brand": "intel",
        "specs": {
            "detail": "Sample specs 74"
        },
        "price": 49488,
        "image_url": "https://example.com/images/cpu-74.jpg",
        "product_url": "https://example.com/products/cpu-74"
    },
    {
        "name": "Sample Cpu 75",
        "category": "cpu",
        "brand": "amd",
        "specs": {
            "detail": "Sample specs 75"
        },
        "price": 25992,
        "image_url": "https://example.com/images/cpu-75.jpg",
        "product_url": "https://example.com/products/cpu-75"
    },
    {
        "name": "Sample Cpu 76",
        "category": "cpu",
        "brand": "amd",
        "specs": {
            "detail": "Sample specs 76"
        },
        "price": 10886,
        "image_url": "https://example.com/images/cpu-76.jpg",
        "product_url": "https://example.com/products/cpu-76"
    },
    {
        "name": "Sample Cpu 77",
        "category": "cpu",
        "brand": "intel",
        "specs": {
            "detail": "Sample specs 77"
        },
        "price": 17619,
        "image_url": "https://example.com/images/cpu-77.jpg",
        "product_url": "https://example.com/products/cpu-77"
    },
    {
        "name": "Sample Cpu 78",
        "category": "cpu",
        "brand": "intel",
        "specs": {
            "detail": "Sample specs 78"
        },
        "price": 21974,
        "image_url": "https://example.com/images/cpu-78.jpg",
        "product_url": "https://example.com/products/cpu-78"
    },
    {
        "name": "Sample Cpu 79",
        "category": "cpu",
        "brand": "amd",
        "specs": {
            "detail": "Sample specs 79"
        },
        "price": 34964,
        "image_url": "https://example.com/images/cpu-79.jpg",
        "product_url": "https://example.com/products/cpu-79"
    },
    {
        "name": "Sample Cpu 80",
        "category": "cpu",
        "brand": "intel",
        "specs": {
            "detail": "Sample specs 80"
        },
        "price": 32911,
        "image_url": "https://example.com/images/cpu-80.jpg",
        "product_url": "https://example.com/products/cpu-80"
    },
    {
        "name": "Sample Cpu 81",
        "category": "cpu",
        "brand": "amd",
        "specs": {
            "detail": "Sample specs 81"
        },
        "price": 46455,
        "image_url": "https://example.com/images/cpu-81.jpg",
        "product_url": "https://example.com/products/cpu-81"
    },
    {
        "name": "Sample Cpu 82",
        "category": "cpu",
        "brand": "amd",
        "specs": {
            "detail": "Sample specs 82"
        },
        "price": 38148,
        "image_url": "https://example.com/images/cpu-82.jpg",
        "product_url": "https://example.com/products/cpu-82"
    },
    {
        "name": "Sample Cpu 83",
        "category": "cpu",
        "brand": "intel",
        "specs": {
            "detail": "Sample specs 83"
        },
        "price": 15685,
        "image_url": "https://example.com/images/cpu-83.jpg",
        "product_url": "https://example.com/products/cpu-83"
    },
    {
        "name": "Sample Cpu 84",
        "category": "cpu",
        "brand": "amd",
        "specs": {
            "detail": "Sample specs 84"
        },
        "price": 25239,
        "image_url": "https://example.com/images/cpu-84.jpg",
        "product_url": "https://example.com/products/cpu-84"
    },
    {
        "name": "Sample Cpu 85",
        "category": "cpu",
        "brand": "amd",
        "specs": {
            "detail": "Sample specs 85"
        },
        "price": 38684,
        "image_url": "https://example.com/images/cpu-85.jpg",
        "product_url": "https://example.com/products/cpu-85"
    },
    {
        "name": "Sample Cpu 86",
        "category": "cpu",
        "brand": "intel",
        "specs": {
            "detail": "Sample specs 86"
        },
        "price": 30192,
        "image_url": "https://example.com/images/cpu-86.jpg",
        "product_url": "https://example.com/products/cpu-86"
    },
    {
        "name": "Sample Cpu 87",
        "category": "cpu",
        "brand": "amd",
        "specs": {
            "detail": "Sample specs 87"
        },
        "price": 41988,
        "image_url": "https://example.com/images/cpu-87.jpg",
        "product_url": "https://example.com/products/cpu-87"
    },
    {
        "name": "Sample Cpu 88",
        "category": "cpu",
        "brand": "amd",
        "specs": {
            "detail": "Sample specs 88"
        },
        "price": 8944,
        "image_url": "https://example.com/images/cpu-88.jpg",
        "product_url": "https://example.com/products/cpu-88"
    },
    {
        "name": "Sample Cpu 89",
        "category": "cpu",
        "brand": "intel",
        "specs": {
            "detail": "Sample specs 89"
        },
        "price": 25541,
        "image_url": "https://example.com/images/cpu-89.jpg",
        "product_url": "https://example.com/products/cpu-89"
    },
    {
        "name": "Sample Cpu 90",
        "category": "cpu",
        "brand": "intel",
        "specs": {
            "detail": "Sample specs 90"
        },
        "price": 45543,
        "image_url": "https://example.com/images/cpu-90.jpg",
        "product_url": "https://example.com/products/cpu-90"
    },
    {
        "name": "Sample Cpu 91",
        "category": "cpu",
        "brand": "intel",
        "specs": {
            "detail": "Sample specs 91"
        },
        "price": 44031,
        "image_url": "https://example.com/images/cpu-91.jpg",
        "product_url": "https://example.com/products/cpu-91"
    },
    {
        "name": "Sample Cpu 92",
        "category": "cpu",
        "brand": "amd",
        "specs": {
            "detail": "Sample specs 92"
        },
        "price": 4471,
        "image_url": "https://example.com/images/cpu-92.jpg",
        "product_url": "https://example.com/products/cpu-92"
    },
    {
        "name": "Sample Cpu 93",
        "category": "cpu",
        "brand": "amd",
        "specs": {
            "detail": "Sample specs 93"
        },
        "price": 27584,
        "image_url": "https://example.com/images/cpu-93.jpg",
        "product_url": "https://example.com/products/cpu-93"
    },
    {
        "name": "Sample Cpu 94",
        "category": "cpu",
        "brand": "amd",
        "specs": {
            "detail": "Sample specs 94"
        },
        "price": 44884,
        "image_url": "https://example.com/images/cpu-94.jpg",
        "product_url": "https://example.com/products/cpu-94"
    },
    {
        "name": "Sample Cpu 95",
        "category": "cpu",
        "brand": "intel",
        "specs": {
            "detail": "Sample specs 95"
        },
        "price": 20515,
        "image_url": "https://example.com/images/cpu-95.jpg",
        "product_url": "https://example.com/products/cpu-95"
    },
    {
        "name": "Sample Cpu 96",
        "category": "cpu",
        "brand": "intel",
        "specs": {
            "detail": "Sample specs 96"
        },
        "price": 47521,
        "image_url": "https://example.com/images/cpu-96.jpg",
        "product_url": "https://example.com/products/cpu-96"
    },
    {
        "name": "Sample Cpu 97",
        "category": "cpu",
        "brand": "intel",
        "specs": {
            "detail": "Sample specs 97"
        },
        "price": 42858,
        "image_url": "https://example.com/images/cpu-97.jpg",
        "product_url": "https://example.com/products/cpu-97"
    },
    {
        "name": "Sample Cpu 98",
        "category": "cpu",
        "brand": "amd",
        "specs": {
            "detail": "Sample specs 98"
        },
        "price": 43867,
        "image_url": "https://example.com/images/cpu-98.jpg",
        "product_url": "https://example.com/products/cpu-98"
    },
    {
        "name": "Sample Cpu 99",
        "category": "cpu",
        "brand": "amd",
        "specs": {
            "detail": "Sample specs 99"
        },
        "price": 18271,
        "image_url": "https://example.com/images/cpu-99.jpg",
        "product_url": "https://example.com/products/cpu-99"
    },
    {
        "name": "Sample Cpu 100",
        "category": "cpu",
        "brand": "intel",
        "specs": {
            "detail": "Sample specs 100"
        },
        "price": 16244,
        "image_url": "https://example.com/images/cpu-100.jpg",
        "product_url": "https://example.com/products/cpu-100"
    },
    {
        "name": "Sample Cpu 101",
        "category": "cpu",
        "brand": "amd",
        "specs": {
            "detail": "Sample specs 101"
        },
        "price": 47956,
        "image_url": "https://example.com/images/cpu-101.jpg",
        "product_url": "https://example.com/products/cpu-101"
    },
    {
        "name": "Sample Cpu 102",
        "category": "cpu",
        "brand": "intel",
        "specs": {
            "detail": "Sample specs 102"
        },
        "price": 44120,
        "image_url": "https://example.com/images/cpu-102.jpg",
        "product_url": "https://example.com/products/cpu-102"
    },
    {
        "name": "Sample Cpu 103",
        "category": "cpu",
        "brand": "amd",
        "specs": {
            "detail": "Sample specs 103"
        },
        "price": 23260,
        "image_url": "https://example.com/images/cpu-103.jpg",
        "product_url": "https://example.com/products/cpu-103"
    },
    {
        "name": "Sample Cpu 104",
        "category": "cpu",
        "brand": "amd",
        "specs": {
            "detail": "Sample specs 104"
        },
        "price": 12925,
        "image_url": "https://example.com/images/cpu-104.jpg",
        "product_url": "https://example.com/products/cpu-104"
    },
    {
        "name": "Sample Cpu 105",
        "category": "cpu",
        "brand": "amd",
        "specs": {
            "detail": "Sample specs 105"
        },
        "price": 35546,
        "image_url": "https://example.com/images/cpu-105.jpg",
        "product_url": "https://example.com/products/cpu-105"
    },
    {
        "name": "Sample Cpu 106",
        "category": "cpu",
        "brand": "amd",
        "specs": {
            "detail": "Sample specs 106"
        },
        "price": 8987,
        "image_url": "https://example.com/images/cpu-106.jpg",
        "product_url": "https://example.com/products/cpu-106"
    },
    {
        "name": "Sample Cpu 107",
        "category": "cpu",
        "brand": "intel",
        "specs": {
            "detail": "Sample specs 107"
        },
        "price": 39263,
        "image_url": "https://example.com/images/cpu-107.jpg",
        "product_url": "https://example.com/products/cpu-107"
    },
    {
        "name": "Sample Cpu 108",
        "category": "cpu",
        "brand": "intel",
        "specs": {
            "detail": "Sample specs 108"
        },
        "price": 43130,
        "image_url": "https://example.com/images/cpu-108.jpg",
        "product_url": "https://example.com/products/cpu-108"
    },
    {
        "name": "Sample Cpu 109",
        "category": "cpu",
        "brand": "intel",
        "specs": {
            "detail": "Sample specs 109"
        },
        "price": 21916,
        "image_url": "https://example.com/images/cpu-109.jpg",
        "product_url": "https://example.com/products/cpu-109"
    },
    {
        "name": "Sample Cpu 110",
        "category": "cpu",
        "brand": "intel",
        "specs": {
            "detail": "Sample specs 110"
        },
        "price": 30237,
        "image_url": "https://example.com/images/cpu-110.jpg",
        "product_url": "https://example.com/products/cpu-110"
    },
    {
        "name": "Sample Cpu 111",
        "category": "cpu",
        "brand": "amd",
        "specs": {
            "detail": "Sample specs 111"
        },
        "price": 25345,
        "image_url": "https://example.com/images/cpu-111.jpg",
        "product_url": "https://example.com/products/cpu-111"
    },
    {
        "name": "Sample Cpu 112",
        "category": "cpu",
        "brand": "amd",
        "specs": {
            "detail": "Sample specs 112"
        },
        "price": 28538,
        "image_url": "https://example.com/images/cpu-112.jpg",
        "product_url": "https://example.com/products/cpu-112"
    },
    {
        "name": "Sample Cpu 113",
        "category": "cpu",
        "brand": "intel",
        "specs": {
            "detail": "Sample specs 113"
        },
        "price": 32734,
        "image_url": "https://example.com/images/cpu-113.jpg",
        "product_url": "https://example.com/products/cpu-113"
    },
    {
        "name": "Sample Cpu 114",
        "category": "cpu",
        "brand": "intel",
        "specs": {
            "detail": "Sample specs 114"
        },
        "price": 9633,
        "image_url": "https://example.com/images/cpu-114.jpg",
        "product_url": "https://example.com/products/cpu-114"
    },
    {
        "name": "Sample Cpu 115",
        "category": "cpu",
        "brand": "amd",
        "specs": {
            "detail": "Sample specs 115"
        },
        "price": 5311,
        "image_url": "https://example.com/images/cpu-115.jpg",
        "product_url": "https://example.com/products/cpu-115"
    },
    {
        "name": "Sample Cpu 116",
        "category": "cpu",
        "brand": "amd",
        "specs": {
            "detail": "Sample specs 116"
        },
        "price": 38536,
        "image_url": "https://example.com/images/cpu-116.jpg",
        "product_url": "https://example.com/products/cpu-116"
    },
    {
        "name": "Sample Cpu 117",
        "category": "cpu",
        "brand": "amd",
        "specs": {
            "detail": "Sample specs 117"
        },
        "price": 2245,
        "image_url": "https://example.com/images/cpu-117.jpg",
        "product_url": "https://example.com/products/cpu-117"
    },
    {
        "name": "Sample Cpu 118",
        "category": "cpu",
        "brand": "intel",
        "specs": {
            "detail": "Sample specs 118"
        },
        "price": 35518,
        "image_url": "https://example.com/images/cpu-118.jpg",
        "product_url": "https://example.com/products/cpu-118"
    },
    {
        "name": "Sample Cpu 119",
        "category": "cpu",
        "brand": "intel",
        "specs": {
            "detail": "Sample specs 119"
        },
        "price": 18157,
        "image_url": "https://example.com/images/cpu-119.jpg",
        "product_url": "https://example.com/products/cpu-119"
    },
    {
        "name": "Sample Cpu 120",
        "category": "cpu",
        "brand": "intel",
        "specs": {
            "detail": "Sample specs 120"
        },
        "price": 28305,
        "image_url": "https://example.com/images/cpu-120.jpg",
        "product_url": "https://example.com/products/cpu-120"
    },
    {
        "name": "Sample Cpu 121",
        "category": "cpu",
        "brand": "intel",
        "specs": {
            "detail": "Sample specs 121"
        },
        "price": 20319,
        "image_url": "https://example.com/images/cpu-121.jpg",
        "product_url": "https://example.com/products/cpu-121"
    },
    {
        "name": "Sample Cpu 122",
        "category": "cpu",
        "brand": "intel",
        "specs": {
            "detail": "Sample specs 122"
        },
        "price": 49607,
        "image_url": "https://example.com/images/cpu-122.jpg",
        "product_url": "https://example.com/products/cpu-122"
    },
    {
        "name": "Sample Cpu 123",
        "category": "cpu",
        "brand": "amd",
        "specs": {
            "detail": "Sample specs 123"
        },
        "price": 47696,
        "image_url": "https://example.com/images/cpu-123.jpg",
        "product_url": "https://example.com/products/cpu-123"
    },
    {
        "name": "Sample Cpu 124",
        "category": "cpu",
        "brand": "amd",
        "specs": {
            "detail": "Sample specs 124"
        },
        "price": 49574,
        "image_url": "https://example.com/images/cpu-124.jpg",
        "product_url": "https://example.com/products/cpu-124"
    },
    {
        "name": "Sample Cpu 125",
        "category": "cpu",
        "brand": "amd",
        "specs": {
            "detail": "Sample specs 125"
        },
        "price": 18510,
        "image_url": "https://example.com/images/cpu-125.jpg",
        "product_url": "https://example.com/products/cpu-125"
    },
    {
        "name": "Sample Cpu 126",
        "category": "cpu",
        "brand": "amd",
        "specs": {
            "detail": "Sample specs 126"
        },
        "price": 22369,
        "image_url": "https://example.com/images/cpu-126.jpg",
        "product_url": "https://example.com/products/cpu-126"
    },
    {
        "name": "Sample Cpu 127",
        "category": "cpu",
        "brand": "intel",
        "specs": {
            "detail": "Sample specs 127"
        },
        "price": 5998,
        "image_url": "https://example.com/images/cpu-127.jpg",
        "product_url": "https://example.com/products/cpu-127"
    },
    {
        "name": "Sample Cpu 128",
        "category": "cpu",
        "brand": "amd",
        "specs": {
            "detail": "Sample specs 128"
        },
        "price": 16911,
        "image_url": "https://example.com/images/cpu-128.jpg",
        "product_url": "https://example.com/products/cpu-128"
    },
    {
        "name": "Sample Cpu 129",
        "category": "cpu",
        "brand": "intel",
        "specs": {
            "detail": "Sample specs 129"
        },
        "price": 47959,
        "image_url": "https://example.com/images/cpu-129.jpg",
        "product_url": "https://example.com/products/cpu-129"
    },
    {
        "name": "Sample Cpu 130",
        "category": "cpu",
        "brand": "amd",
        "specs": {
            "detail": "Sample specs 130"
        },
        "price": 9861,
        "image_url": "https://example.com/images/cpu-130.jpg",
        "product_url": "https://example.com/products/cpu-130"
    },
    {
        "name": "Sample Cpu 131",
        "category": "cpu",
        "brand": "intel",
        "specs": {
            "detail": "Sample specs 131"
        },
        "price": 30961,
        "image_url": "https://example.com/images/cpu-131.jpg",
        "product_url": "https://example.com/products/cpu-131"
    },
    {
        "name": "Sample Cpu 132",
        "category": "cpu",
        "brand": "amd",
        "specs": {
            "detail": "Sample specs 132"
        },
        "price": 39099,
        "image_url": "https://example.com/images/cpu-132.jpg",
        "product_url": "https://example.com/products/cpu-132"
    },
    {
        "name": "Sample Cpu 133",
        "category": "cpu",
        "brand": "amd",
        "specs": {
            "detail": "Sample specs 133"
        },
        "price": 34561,
        "image_url": "https://example.com/images/cpu-133.jpg",
        "product_url": "https://example.com/products/cpu-133"
    },
    {
        "name": "Sample Cpu 134",
        "category": "cpu",
        "brand": "amd",
        "specs": {
            "detail": "Sample specs 134"
        },
        "price": 42640,
        "image_url": "https://example.com/images/cpu-134.jpg",
        "product_url": "https://example.com/products/cpu-134"
    },
    {
        "name": "Sample Cpu 135",
        "category": "cpu",
        "brand": "amd",
        "specs": {
            "detail": "Sample specs 135"
        },
        "price": 40744,
        "image_url": "https://example.com/images/cpu-135.jpg",
        "product_url": "https://example.com/products/cpu-135"
    },
    {
        "name": "Sample Cpu 136",
        "category": "cpu",
        "brand": "intel",
        "specs": {
            "detail": "Sample specs 136"
        },
        "price": 4003,
        "image_url": "https://example.com/images/cpu-136.jpg",
        "product_url": "https://example.com/products/cpu-136"
    },
    {
        "name": "Sample Cpu 137",
        "category": "cpu",
        "brand": "intel",
        "specs": {
            "detail": "Sample specs 137"
        },
        "price": 38652,
        "image_url": "https://example.com/images/cpu-137.jpg",
        "product_url": "https://example.com/products/cpu-137"
    },
    {
        "name": "Sample Cpu 138",
        "category": "cpu",
        "brand": "amd",
        "specs": {
            "detail": "Sample specs 138"
        },
        "price": 33634,
        "image_url": "https://example.com/images/cpu-138.jpg",
        "product_url": "https://example.com/products/cpu-138"
    },
    {
        "name": "Sample Cpu 139",
        "category": "cpu",
        "brand": "amd",
        "specs": {
            "detail": "Sample specs 139"
        },
        "price": 16734,
        "image_url": "https://example.com/images/cpu-139.jpg",
        "product_url": "https://example.com/products/cpu-139"
    },
    {
        "name": "Sample Cpu 140",
        "category": "cpu",
        "brand": "amd",
        "specs": {
            "detail": "Sample specs 140"
        },
        "price": 37684,
        "image_url": "https://example.com/images/cpu-140.jpg",
        "product_url": "https://example.com/products/cpu-140"
    },
    {
        "name": "Sample Cpu 141",
        "category": "cpu",
        "brand": "intel",
        "specs": {
            "detail": "Sample specs 141"
        },
        "price": 41688,
        "image_url": "https://example.com/images/cpu-141.jpg",
        "product_url": "https://example.com/products/cpu-141"
    },
    {
        "name": "Sample Cpu 142",
        "category": "cpu",
        "brand": "intel",
        "specs": {
            "detail": "Sample specs 142"
        },
        "price": 37285,
        "image_url": "https://example.com/images/cpu-142.jpg",
        "product_url": "https://example.com/products/cpu-142"
    },
    {
        "name": "Sample Cpu 143",
        "category": "cpu",
        "brand": "intel",
        "specs": {
            "detail": "Sample specs 143"
        },
        "price": 6142,
        "image_url": "https://example.com/images/cpu-143.jpg",
        "product_url": "https://example.com/products/cpu-143"
    },
    {
        "name": "Sample Cpu 144",
        "category": "cpu",
        "brand": "amd",
        "specs": {
            "detail": "Sample specs 144"
        },
        "price": 44554,
        "image_url": "https://example.com/images/cpu-144.jpg",
        "product_url": "https://example.com/products/cpu-144"
    },
    {
        "name": "Sample Cpu 145",
        "category": "cpu",
        "brand": "intel",
        "specs": {
            "detail": "Sample specs 145"
        },
        "price": 8785,
        "image_url": "https://example.com/images/cpu-145.jpg",
        "product_url": "https://example.com/products/cpu-145"
    },
    {
        "name": "Sample Cpu 146",
        "category": "cpu",
        "brand": "amd",
        "specs": {
            "detail": "Sample specs 146"
        },
        "price": 2570,
        "image_url": "https://example.com/images/cpu-146.jpg",
        "product_url": "https://example.com/products/cpu-146"
    },
    {
        "name": "Sample Cpu 147",
        "category": "cpu",
        "brand": "intel",
        "specs": {
            "detail": "Sample specs 147"
        },
        "price": 35489,
        "image_url": "https://example.com/images/cpu-147.jpg",
        "product_url": "https://example.com/products/cpu-147"
    },
    {
        "name": "Sample Cpu 148",
        "category": "cpu",
        "brand": "amd",
        "specs": {
            "detail": "Sample specs 148"
        },
        "price": 34394,
        "image_url": "https://example.com/images/cpu-148.jpg",
        "product_url": "https://example.com/products/cpu-148"
    },
    {
        "name": "Sample Cpu 149",
        "category": "cpu",
        "brand": "intel",
        "specs": {
            "detail": "Sample specs 149"
        },
        "price": 2572,
        "image_url": "https://example.com/images/cpu-149.jpg",
        "product_url": "https://example.com/products/cpu-149"
    },
    {
        "name": "Sample Cpu 150",
        "category": "cpu",
        "brand": "amd",
        "specs": {
            "detail": "Sample specs 150"
        },
        "price": 48779,
        "image_url": "https://example.com/images/cpu-150.jpg",
        "product_url": "https://example.com/products/cpu-150"
    }
]