[
    {
        "name": "Sample Gpu 1",
        "category": "gpu",
        "brand": "msi",
        "specs": {
            "detail": "Sample specs 1"
        },
        "price": 21453,
        "image_url": "https://example.com/images/gpu-1.jpg",
        "product_url": "https://example.com/products/gpu-1"
    },
    {
        "name": "Sample Gpu 2",
        "category": "gpu",
        "brand": "asus",
        "specs": {
            "detail": "Sample specs 2"
        },
        "price": 48479,
        "image_url": "https://example.com/images/gpu-2.jpg",
        "product_url": "https://example.com/products/gpu-2"
    },
    {
        "name": "Sample Gpu 3",
        "category": "gpu",
        "brand": "asus",
        "specs": {
            "detail": "Sample specs 3"
        },
        "price": 24268,
        "image_url": "https://example.com/images/gpu-3.jpg",
        "product_url": "https://example.com/products/gpu-3"
    },
    {
        "name": "Sample Gpu 4",
        "category": "gpu",
        "brand": "gigabyte",
        "specs": {
            "detail": "Sample specs 4"
        },
        "price": 4909,
        "image_url": "https://example.com/images/gpu-4.jpg",
        "product_url": "https://example.com/products/gpu-4"
    },
    {
        "name": "Sample Gpu 5",
        "category": "gpu",
        "brand": "zotac",
        "specs": {
            "detail": "Sample specs 5"
        },
        "price": 45125,
        "image_url": "https://example.com/images/gpu-5.jpg",
        "product_url": "https://example.com/products/gpu-5"
    },
    {
        "name": "Sample Gpu 6",
        "category": "gpu",
        "brand": "asus",
        "specs": {
            "detail": "Sample specs 6"
        },
        "price": 31606,
        "image_url": "https://example.com/images/gpu-6.jpg",
        "product_url": "https://example.com/products/gpu-6"
    },
    {
        "name": "Sample Gpu 7",
        "category": "gpu",
        "brand": "msi",
        "specs": {
            "detail": "Sample specs 7"
        },
        "price": 37758,
        "image_url": "https://example.com/images/gpu-7.jpg",
        "product_url": "https://example.com/products/gpu-7"
    },
    {
        "name": "Sample Gpu 8",
        "category": "gpu",
        "brand": "gigabyte",
        "specs": {
            "detail": "Sample specs 8"
        },
        "price": 38998,
        "image_url": "https://example.com/images/gpu-8.jpg",
        "product_url": "https://example.com/products/gpu-8"
    },
    {
        "name": "Sample Gpu 9",
        "category": "gpu",
        "brand": "gigabyte",
        "specs": {
            "detail": "Sample specs 9"
        },
        "price": 45298,
        "image_url": "https://example.com/images/gpu-9.jpg",
        "product_url": "https://example.com/products/gpu-9"
    },
    {
        "name": "Sample Gpu 10",
        "category": "gpu",
        "brand": "asus",
        "specs": {
            "detail": "Sample specs 10"
        },
        "price": 34312,
        "image_url": "https://example.com/images/gpu-10.jpg",
        "product_url": "https://example.com/products/gpu-10"
    },
    {
        "name": "Sample Gpu 11",
        "category": "gpu",
        "brand": "asus",
        "specs": {
            "detail": "Sample specs 11"
        },
        "price": 12932,
        "image_url": "https://example.com/images/gpu-11.jpg",
        "product_url": "https://example.com/products/gpu-11"
    },
    {
        "name": "Sample Gpu 12",
        "category": "gpu",
        "brand": "gigabyte",
        "specs": {
            "detail": "Sample specs 12"
        },
        "price": 9468,
        "image_url": "https://example.com/images/gpu-12.jpg",
        "product_url": "https://example.com/products/gpu-12"
    },
    {
        "name": "Sample Gpu 13",
        "category": "gpu",
        "brand": "gigabyte",
        "specs": {
            "detail": "Sample specs 13"
        },
        "price": 34665,
        "image_url": "https://example.com/images/gpu-13.jpg",
        "product_url": "https://example.com/products/gpu-13"
    },
    {
        "name": "Sample Gpu 14",
        "category": "gpu",
        "brand": "gigabyte",
        "specs": {
            "detail": "Sample specs 14"
        },
        "price": 4502,
        "image_url": "https://example.com/images/gpu-14.jpg",
        "product_url": "https://example.com/products/gpu-14"
    },
    {
        "name": "Sample Gpu 15",
        "category": "gpu",
        "brand": "msi",
        "specs": {
            "detail": "Sample specs 15"
        },
        "price": 42259,
        "image_url": "https://example.com/images/gpu-15.jpg",
        "product_url": "https://example.com/products/gpu-15"
    },
    {
        "name": "Sample Gpu 16",
        "category": "gpu",
        "brand": "msi",
        "specs": {
            "detail": "Sample specs 16"
        },
        "price": 19121,
        "image_url": "https://example.com/images/gpu-16.jpg",
        "product_url": "https://example.com/products/gpu-16"
    },
    {
        "name": "Sample Gpu 17",
        "category": "gpu",
        "brand": "msi",
        "specs": {
            "detail": "Sample specs 17"
        },
        "price": 34346,
        "image_url": "https://example.com/images/gpu-17.jpg",
        "product_url": "https://example.com/products/gpu-17"
    },
    {
        "name": "Sample Gpu 18",
        "category": "gpu",
        "brand": "msi",
        "specs": {
            "detail": "Sample specs 18"
        },
        "price": 6091,
        "image_url": "https://example.com/images/gpu-18.jpg",
        "product_url": "https://example.com/products/gpu-18"
    },
    {
        "name": "Sample Gpu 19",
        "category": "gpu",
        "brand": "zotac",
        "specs": {
            "detail": "Sample specs 19"
        },
        "price": 9308,
        "image_url": "https://example.com/images/gpu-19.jpg",
        "product_url": "https://example.com/products/gpu-19"
    },
    {
        "name": "Sample Gpu 20",
        "category": "gpu",
        "brand": "msi",
        "specs": {
            "detail": "Sample specs 20"
        },
        "price": 48777,
        "image_url": "https://example.com/images/gpu-20.jpg",
        "product_url": "https://example.com/products/gpu-20"
    },
    {
        "name": "Sample Gpu 21",
        "category": "gpu",
        "brand": "gigabyte",
        "specs": {
            "detail": "Sample specs 21"
        },
        "price": 49630,
        "image_url": "https://example.com/images/gpu-21.jpg",
        "product_url": "https://example.com/products/gpu-21"
    },
    {
        "name": "Sample Gpu 22",
        "category": "gpu",
        "brand": "asus",
        "specs": {
            "detail": "Sample specs 22"
        },
        "price": 23905,
        "image_url": "https://example.com/images/gpu-22.jpg",
        "product_url": "https://example.com/products/gpu-22"
    },
    {
        "name": "Sample Gpu 23",
        "category": "gpu",
        "brand": "msi",
        "specs": {
            "detail": "Sample specs 23"
        },
        "price": 46948,
        "image_url": "https://example.com/images/gpu-23.jpg",
        "product_url": "https://example.com/products/gpu-23"
    },
    {
        "name": "Sample Gpu 24",
        "category": "gpu",
        "brand": "msi",
        "specs": {
            "detail": "Sample specs 24"
        },
        "price": 10322,
        "image_url": "https://example.com/images/gpu-24.jpg",
        "product_url": "https://example.com/products/gpu-24"
    },
    {
        "name": "Sample Gpu 25",
        "category": "gpu",
        "brand": "msi",
        "specs": {
            "detail": "Sample specs 25"
        },
        "price": 30198,
        "image_url": "https://example.com/images/gpu-25.jpg",
        "product_url": "https://example.com/products/gpu-25"
    },
    {
        "name": "Sample Gpu 26",
        "category": "gpu",
        "brand": "gigabyte",
        "specs": {
            "detail": "Sample specs 26"
        },
        "price": 43961,
        "image_url": "https://example.com/images/gpu-26.jpg",
        "product_url": "https://example.com/products/gpu-26"
    },
    {
        "name": "Sample Gpu 27",
        "category": "gpu",
        "brand": "zotac",
        "specs": {
            "detail": "Sample specs 27"
        },
        "price": 29980,
        "image_url": "https://example.com/images/gpu-27.jpg",
        "product_url": "https://example.com/products/gpu-27"
    },
    {
        "name": "Sample Gpu 28",
        "category": "gpu",
        "brand": "zotac",
        "specs": {
            "detail": "Sample specs 28"
        },
        "price": 23014,
        "image_url": "https://example.com/images/gpu-28.jpg",
        "product_url": "https://example.com/products/gpu-28"
    },
    {
        "name": "Sample Gpu 29",
        "category": "gpu",
        "brand": "asus",
        "specs": {
            "detail": "Sample specs 29"
        },
        "price": 8564,
        "image_url": "https://example.com/images/gpu-29.jpg",
        "product_url": "https://example.com/products/gpu-29"
    },
    {
        "name": "Sample Gpu 30",
        "category": "gpu",
        "brand": "msi",
        "specs": {
            "detail": "Sample specs 30"
        },
        "price": 6253,
        "image_url": "https://example.com/images/gpu-30.jpg",
        "product_url": "https://example.com/products/gpu-30"
    },
    {
        "name": "Sample Gpu 31",
        "category": "gpu",
        "brand": "asus",
        "specs": {
            "detail": "Sample specs 31"
        },
        "price": 33124,
        "image_url": "https://example.com/images/gpu-31.jpg",
        "product_url": "https://example.com/products/gpu-31"
    },
    {
        "name": "Sample Gpu 32",
        "category": "gpu",
        "brand": "asus",
        "specs": {
            "detail": "Sample specs 32"
        },
        "price": 33588,
        "image_url": "https://example.com/images/gpu-32.jpg",
        "product_url": "https://example.com/products/gpu-32"
    },
    {
        "name": "Sample Gpu 33",
        "category": "gpu",
        "brand": "msi",
        "specs": {
            "detail": "Sample specs 33"
        },
        "price": 3290,
        "image_url": "https://example.com/images/gpu-33.jpg",
        "product_url": "https://example.com/products/gpu-33"
    },
    {
        "name": "Sample Gpu 34",
        "category": "gpu",
        "brand": "asus",
        "specs": {
            "detail": "Sample specs 34"
        },
        "price": 40915,
        "image_url": "https://example.com/images/gpu-34.jpg",
        "product_url": "https://example.com/products/gpu-34"
    },
    {
        "name": "Sample Gpu 35",
        "category": "gpu",
        "brand": "msi",
        "specs": {
            "detail": "Sample specs 35"
        },
        "price": 12733,
        "image_url": "https://example.com/images/gpu-35.jpg",
        "product_url": "https://example.com/products/gpu-35"
    },
    {
        "name": "Sample Gpu 36",
        "category": "gpu",
        "brand": "msi",
        "specs": {
            "detail": "Sample specs 36"
        },
        "price": 37993,
        "image_url": "https://example.com/images/gpu-36.jpg",
        "product_url": "https://example.com/products/gpu-36"
    },
    {
        "name": "Sample Gpu 37",
        "category": "gpu",
        "brand": "asus",
        "specs": {
            "detail": "Sample specs 37"
        },
        "price": 22236,
        "image_url": "https://example.com/images/gpu-37.jpg",
        "product_url": "https://example.com/products/gpu-37"
    },
    {
        "name": "Sample Gpu 38",
        "category": "gpu",
        "brand": "zotac",
        "specs": {
            "detail": "Sample specs 38"
        },
        "price": 2247,
        "image_url": "https://example.com/images/gpu-38.jpg",
        "product_url": "https://example.com/products/gpu-38"
    },
    {
        "name": "Sample Gpu 39",
        "category": "gpu",
        "brand": "asus",
        "specs": {
            "detail": "Sample specs 39"
        },
        "price": 32017,
        "image_url": "https://example.com/images/gpu-39.jpg",
        "product_url": "https://example.com/products/gpu-39"
    },
    {
        "name": "Sample Gpu 40",
        "category": "gpu",
        "brand": "gigabyte",
        "specs": {
            "detail": "Sample specs 40"
        },
        "price": 35495,
        "image_url": "https://example.com/images/gpu-40.jpg",
        "product_url": "https://example.com/products/gpu-40"
    },
    {
        "name": "Sample Gpu 41",
        "category": "gpu",
        "brand": "msi",
        "specs": {
            "detail": "Sample specs 41"
        },
        "price": 23909,
        "image_url": "https://example.com/images/gpu-41.jpg",
        "product_url": "https://example.com/products/gpu-41"
    },
    {
        "name": "Sample Gpu 42",
        "category": "gpu",
        "brand": "gigabyte",
        "specs": {
            "detail": "Sample specs 42"
        },
        "price": 32245,
        "image_url": "https://example.com/images/gpu-42.jpg",
        "product_url": "https://example.com/products/gpu-42"
    },
    {
        "name": "Sample Gpu 43",
        "category": "gpu",
        "brand": "msi",
        "specs": {
            "detail": "Sample specs 43"
        },
        "price": 3656,
        "image_url": "https://example.com/images/gpu-43.jpg",
        "product_url": "https://example.com/products/gpu-43"
    },
    {
        "name": "Sample Gpu 44",
        "category": "gpu",
        "brand": "gigabyte",
        "specs": {
            "detail": "Sample specs 44"
        },
        "price": 17955,
        "image_url": "https://example.com/images/gpu-44.jpg",
        "product_url": "https://example.com/products/gpu-44"
    },
    {
        "name": "Sample Gpu 45",
        "category": "gpu",
        "brand": "asus",
        "specs": {
            "detail": "Sample specs 45"
        },
        "price": 43738,
        "image_url": "https://example.com/images/gpu-45.jpg",
        "product_url": "https://example.com/products/gpu-45"
    },
    {
        "name": "Sample Gpu 46",
        "category": "gpu",
        "brand": "asus",
        "specs": {
            "detail": "Sample specs 46"
        },
        "price": 33869,
        "image_url": "https://example.com/images/gpu-46.jpg",
        "product_url": "https://example.com/products/gpu-46"
    },
    {
        "name": "Sample Gpu 47",
        "category": "gpu",
        "brand": "gigabyte",
        "specs": {
            "detail": "Sample specs 47"
        },
        "price": 30079,
        "image_url": "https://example.com/images/gpu-47.jpg",
        "product_url": "https://example.com/products/gpu-47"
    },
    {
        "name": "Sample Gpu 48",
        "category": "gpu",
        "brand": "zotac",
        "specs": {
            "detail": "Sample specs 48"
        },
        "price": 42265,
        "image_url": "https://example.com/images/gpu-48.jpg",
        "product_url": "https://example.com/products/gpu-48"
    },
    {
        "name": "Sample Gpu 49",
        "category": "gpu",
        "brand": "asus",
        "specs": {
            "detail": "Sample specs 49"
        },
        "price": 32300,
        "image_url": "https://example.com/images/gpu-49.jpg",
        "product_url": "https://example.com/products/gpu-49"
    },
    {
        "name": "Sample Gpu 50",
        "category": "gpu",
        "brand": "zotac",
        "specs": {
            "detail": "Sample specs 50"
        },
        "price": 12360,
        "image_url": "https://example.com/images/gpu-50.jpg",
        "product_url": "https://example.com/products/gpu-50"
    },
    {
        "name": "Sample Gpu 51",
        "category": "gpu",
        "brand": "gigabyte",
        "specs": {
            "detail": "Sample specs 51"
        },
        "price": 35396,
        "image_url": "https://example.com/images/gpu-51.jpg",
        "product_url": "https://example.com/products/gpu-51"
    },
    {
        "name": "Sample Gpu 52",
        "category": "gpu",
        "brand": "asus",
        "specs": {
            "detail": "Sample specs 52"
        },
        "price": 17787,
        "image_url": "https://example.com/images/gpu-52.jpg",
        "product_url": "https://example.com/products/gpu-52"
    },
    {
        "name": "Sample Gpu 53",
        "category": "gpu",
        "brand": "asus",
        "specs": {
            "detail": "Sample specs 53"
        },
        "price": 9425,
        "image_url": "https://example.com/images/gpu-53.jpg",
        "product_url": "https://example.com/products/gpu-53"
    },
    {
        "name": "Sample Gpu 54",
        "category": "gpu",
        "brand": "asus",
        "specs": {
            "detail": "Sample specs 54"
        },
        "price": 17251,
        "image_url": "https://example.com/images/gpu-54.jpg",
        "product_url": "https://example.com/products/gpu-54"
    },
    {
        "name": "Sample Gpu 55",
        "category": "gpu",
        "brand": "msi",
        "specs": {
            "detail": "Sample specs 55"
        },
        "price": 24994,
        "image_url": "https://example.com/images/gpu-55.jpg",
        "product_url": "https://example.com/products/gpu-55"
    },
    {
        "name": "Sample Gpu 56",
        "category": "gpu",
        "brand": "gigabyte",
        "specs": {
            "detail": "Sample specs 56"
        },
        "price": 43487,
        "image_url": "https://example.com/images/gpu-56.jpg",
        "product_url": "https://example.com/products/gpu-56"
    },
    {
        "name": "Sample Gpu 57",
        "category": "gpu",
        "brand": "msi",
        "specs": {
            "detail": "Sample specs 57"
        },
        "price": 21369,
        "image_url": "https://example.com/images/gpu-57.jpg",
        "product_url": "https://example.com/products/gpu-57"
    },
    {
        "name": "Sample Gpu 58",
        "category": "gpu",
        "brand": "asus",
        "specs": {
            "detail": "Sample specs 58"
        },
        "price": 25970,
        "image_url": "https://example.com/images/gpu-58.jpg",
        "product_url": "https://example.com/products/gpu-58"
    },
    {
        "name": "Sample Gpu 59",
        "category": "gpu",
        "brand": "zotac",
        "specs": {
            "detail": "Sample specs 59"
        },
        "price": 7540,
        "image_url": "https://example.com/images/gpu-59.jpg",
        "product_url": "https://example.com/products/gpu-59"
    },
    {
        "name": "Sample Gpu 60",
        "category": "gpu",
        "brand": "gigabyte",
        "specs": {
            "detail": "Sample specs 60"
        },
        "price": 39314,
        "image_url": "https://example.com/images/gpu-60.jpg",
        "product_url": "https://example.com/products/gpu-60"
    },
    {
        "name": "Sample Gpu 61",
        "category": "gpu",
        "brand": "msi",
        "specs": {
            "detail": "Sample specs 61"
        },
        "price": 28497,
        "image_url": "https://example.com/images/gpu-61.jpg",
        "product_url": "https://example.com/products/gpu-61"
    },
    {
        "name": "Sample Gpu 62",
        "category": "gpu",
        "brand": "zotac",
        "specs": {
            "detail": "Sample specs 62"
        },
        "price": 48855,
        "image_url": "https://example.com/images/gpu-62.jpg",
        "product_url": "https://example.com/products/gpu-62"
    },
    {
        "name": "Sample Gpu 63",
        "category": "gpu",
        "brand": "asus",
        "specs": {
            "detail": "Sample specs 63"
        },
        "price": 22113,
        "image_url": "https://example.com/images/gpu-63.jpg",
        "product_url": "https://example.com/products/gpu-63"
    },
    {
        "name": "Sample Gpu 64",
        "category": "gpu",
        "brand": "gigabyte",
        "specs": {
            "detail": "Sample specs 64"
        },
        "price": 28315,
        "image_url": "https://example.com/images/gpu-64.jpg",
        "product_url": "https://example.com/products/gpu-64"
    },
    {
        "name": "Sample Gpu 65",
        "category": "gpu",
        "brand": "gigabyte",
        "specs": {
            "detail": "Sample specs 65"
        },
        "price": 2054,
        "image_url": "https://example.com/images/gpu-65.jpg",
        "product_url": "https://example.com/products/gpu-65"
    },
    {
        "name": "Sample Gpu 66",
        "category": "gpu",
        "brand": "gigabyte",
        "specs": {
            "detail": "Sample specs 66"
        },
        "price": 3414,
        "image_url": "https://example.com/images/gpu-66.jpg",
        "product_url": "https://example.com/products/gpu-66"
    },
    {
        "name": "Sample Gpu 67",
        "category": "gpu",
        "brand": "asus",
        "specs": {
            "detail": "Sample specs 67"
        },
        "price": 17227,
        "image_url": "https://example.com/images/gpu-67.jpg",
        "product_url": "https://example.com/products/gpu-67"
    },
    {
        "name": "Sample Gpu 68",
        "category": "gpu",
        "brand": "asus",
        "specs": {
            "detail": "Sample specs 68"
        },
        "price": 27721,
        "image_url": "https://example.com/images/gpu-68.jpg",
        "product_url": "https://example.com/products/gpu-68"
    },
    {
        "name": "Sample Gpu 69",
        "category": "gpu",
        "brand": "asus",
        "specs": {
            "detail": "Sample specs 69"
        },
        "price": 41717,
        "image_url": "https://example.com/images/gpu-69.jpg",
        "product_url": "https://example.com/products/gpu-69"
    },
    {
        "name": "Sample Gpu 70",
        "category": "gpu",
        "brand": "gigabyte",
        "specs": {
            "detail": "Sample specs 70"
        },
        "price": 18048,
        "image_url": "https://example.com/images/gpu-70.jpg",
        "product_url": "https://example.com/products/gpu-70"
    },
    {
        "name": "Sample Gpu 71",
        "category": "gpu",
        "brand": "msi",
        "specs": {
            "detail": "Sample specs 71"
        },
        "price": 4786,
        "image_url": "https://example.com/images/gpu-71.jpg",
        "product_url": "https://example.com/products/gpu-71"
    },
    {
        "name": "Sample Gpu 72",
        "category": "gpu",
        "brand": "asus",
        "specs": {
            "detail": "Sample specs 72"
        },
        "price": 16675,
        "image_url": "https://example.com/images/gpu-72.jpg",
        "product_url": "https://example.com/products/gpu-72"
    },
    {
        "name": "Sample Gpu 73",
        "category": "gpu",
        "brand": "gigabyte",
        "specs": {
            "detail": "Sample specs 73"
        },
        "price": 10482,
        "image_url": "https://example.com/images/gpu-73.jpg",
        "product_url": "https://example.com/products/gpu-73"
    },
    {
        "name": "Sample Gpu 74",
        "category": "gpu",
        "brand": "msi",
        "specs": {
            "detail": "Sample specs 74"
        },
        "price": 10377,
        "image_url": "https://example.com/images/gpu-74.jpg",
        "product_url": "https://example.com/products/gpu-74"
    },
    {
        "name": "Sample Gpu 75",
        "category": "gpu",
        "brand": "msi",
        "specs": {
            "detail": "Sample specs 75"
        },
        "price": 14987,
        "image_url": "https://example.com/images/gpu-75.jpg",
        "product_url": "https://example.com/products/gpu-75"
    },
    {
        "name": "Sample Gpu 76",
        "category": "gpu",
        "brand": "gigabyte",
        "specs": {
            "detail": "Sample specs 76"
        },
        "price": 6403,
        "image_url": "https://example.com/images/gpu-76.jpg",
        "product_url": "https://example.com/products/gpu-76"
    },
    {
        "name": "Sample Gpu 77",
        "category": "gpu",
        "brand": "zotac",
        "specs": {
            "detail": "Sample specs 77"
        },
        "price": 25582,
        "image_url": "https://example.com/images/gpu-77.jpg",
        "product_url": "https://example.com/products/gpu-77"
    },
    {
        "name": "Sample Gpu 78",
        "category": "gpu",
        "brand": "zotac",
        "specs": {
            "detail": "Sample specs 78"
        },
        "price": 8563,
        "image_url": "https://example.com/images/gpu-78.jpg",
        "product_url": "https://example.com/products/gpu-78"
    },
    {
        "name": "Sample Gpu 79",
        "category": "gpu",
        "brand": "msi",
        "specs": {
            "detail": "Sample specs 79"
        },
        "price": 25765,
        "image_url": "https://example.com/images/gpu-79.jpg",
        "product_url": "https://example.com/products/gpu-79"
    },
    {
        "name": "Sample Gpu 80",
        "category": "gpu",
        "brand": "zotac",
        "specs": {
            "detail": "Sample specs 80"
        },
        "price": 36752,
        "image_url": "https://example.com/images/gpu-80.jpg",
        "product_url": "https://example.com/products/gpu-80"
    },
    {
        "name": "Sample Gpu 81",
        "category": "gpu",
        "brand": "zotac",
        "specs": {
            "detail": "Sample specs 81"
        },
        "price": 14778,
        "image_url": "https://example.com/images/gpu-81.jpg",
        "product_url": "https://example.com/products/gpu-81"
    },
    {
        "name": "Sample Gpu 82",
        "category": "gpu",
        "brand": "gigabyte",
        "specs": {
            "detail": "Sample specs 82"
        },
        "price": 9403,
        "image_url": "https://example.com/images/gpu-82.jpg",
        "product_url": "https://example.com/products/gpu-82"
    },
    {
        "name": "Sample Gpu 83",
        "category": "gpu",
        "brand": "msi",
        "specs": {
            "detail": "Sample specs 83"
        },
        "price": 3951,
        "image_url": "https://example.com/images/gpu-83.jpg",
        "product_url": "https://example.com/products/gpu-83"
    },
    {
        "name": "Sample Gpu 84",
        "category": "gpu",
        "brand": "gigabyte",
        "specs": {
            "detail": "Sample specs 84"
        },
        "price": 7509,
        "image_url": "https://example.com/images/gpu-84.jpg",
        "product_url": "https://example.com/products/gpu-84"
    },
    {
        "name": "Sample Gpu 85",
        "category": "gpu",
        "brand": "asus",
        "specs": {
            "detail": "Sample specs 85"
        },
        "price": 6434,
        "image_url": "https://example.com/images/gpu-85.jpg",
        "product_url": "https://example.com/products/gpu-85"
    },
    {
        "name": "Sample Gpu 86",
        "category": "gpu",
        "brand": "msi",
        "specs": {
            "detail": "Sample specs 86"
        },
        "price": 48222,
        "image_url": "https://example.com/images/gpu-86.jpg",
        "product_url": "https://example.com/products/gpu-86"
    },
    {
        "name": "Sample Gpu 87",
        "category": "gpu",
        "brand": "asus",
        "specs": {
            "detail": "Sample specs 87"
        },
        "price": 25007,
        "image_url": "https://example.com/images/gpu-87.jpg",
        "product_url": "https://example.com/products/gpu-87"
    },
    {
        "name": "Sample Gpu 88",
        "category": "gpu",
        "brand": "msi",
        "specs": {
            "detail": "Sample specs 88"
        },
        "price": 36832,
        "image_url": "https://example.com/images/gpu-88.jpg",
        "product_url": "https://example.com/products/gpu-88"
    },
    {
        "name": "Sample Gpu 89",
        "category": "gpu",
        "brand": "asus",
        "specs": {
            "detail": "Sample specs 89"
        },
        "price": 6717,
        "image_url": "https://example.com/images/gpu-89.jpg",
        "product_url": "https://example.com/products/gpu-89"
    },
    {
        "name": "Sample Gpu 90",
        "category": "gpu",
        "brand": "asus",
        "specs": {
            "detail": "Sample specs 90"
        },
        "price": 32118,
        "image_url": "https://example.com/images/gpu-90.jpg",
        "product_url": "https://example.com/products/gpu-90"
    },
    {
        "name": "Sample Gpu 91",
        "category": "gpu",
        "brand": "gigabyte",
        "specs": {
            "detail": "Sample specs 91"
        },
        "price": 21471,
        "image_url": "https://example.com/images/gpu-91.jpg",
        "product_url": "https://example.com/products/gpu-91"
    },
    {
        "name": "Sample Gpu 92",
        "category": "gpu",
        "brand": "asus",
        "specs": {
            "detail": "Sample specs 92"
        },
        "price": 48070,
        "image_url": "https://example.com/images/gpu-92.jpg",
        "product_url": "https://example.com/products/gpu-92"
    },
    {
        "name": "Sample Gpu 93",
        "category": "gpu",
        "brand": "asus",
        "specs": {
            "detail": "Sample specs 93"
        },
        "price": 39251,
        "image_url": "https://example.com/images/gpu-93.jpg",
        "product_url": "https://example.com/products/gpu-93"
    },
    {
        "name": "Sample Gpu 94",
        "category": "gpu",
        "brand": "asus",
        "specs": {
            "detail": "Sample specs 94"
        },
        "price": 48874,
        "image_url": "https://example.com/images/gpu-94.jpg",
        "product_url": "https://example.com/products/gpu-94"
    },
    {
        "name": "Sample Gpu 95",
        "category": "gpu",
        "brand": "zotac",
        "specs": {
            "detail": "Sample specs 95"
        },
        "price": 10642,
        "image_url": "https://example.com/images/gpu-95.jpg",
        "product_url": "https://example.com/products/gpu-95"
    },
    {
        "name": "Sample Gpu 96",
        "category": "gpu",
        "brand": "msi",
        "specs": {
            "detail": "Sample specs 96"
        },
        "price": 5099,
        "image_url": "https://example.com/images/gpu-96.jpg",
        "product_url": "https://example.com/products/gpu-96"
    },
    {
        "name": "Sample Gpu 97",
        "category": "gpu",
        "brand": "msi",
        "specs": {
            "detail": "Sample specs 97"
        },
        "price": 32264,
        "image_url": "https://example.com/images/gpu-97.jpg",
        "product_url": "https://example.com/products/gpu-97"
    },
    {
        "name": "Sample Gpu 98",
        "category": "gpu",
        "brand": "msi",
        "specs": {
            "detail": "Sample specs 98"
        },
        "price": 36966,
        "image_url": "https://example.com/images/gpu-98.jpg",
        "product_url": "https://example.com/products/gpu-98"
    },
    {
        "name": "Sample Gpu 99",
        "category": "gpu",
        "brand": "zotac",
        "specs": {
            "detail": "Sample specs 99"
        },
        "price": 15959,
        "image_url": "https://example.com/images/gpu-99.jpg",
        "product_url": "https://example.com/products/gpu-99"
    },
    {
        "name": "Sample Gpu 100",
        "category": "gpu",
        "brand": "asus",
        "specs": {
            "detail": "Sample specs 100"
        },
        "price": 23842,
        "image_url": "https://example.com/images/gpu-100.jpg",
        "product_url": "https://example.com/products/gpu-100"
    },
    {
        "name": "Sample Gpu 101",
        "category": "gpu",
        "brand": "zotac",
        "specs": {
            "detail": "Sample specs 101"
        },
        "price": 26560,
        "image_url": "https://example.com/images/gpu-101.jpg",
        "product_url": "https://example.com/products/gpu-101"
    },
    {
        "name": "Sample Gpu 102",
        "category": "gpu",
        "brand": "asus",
        "specs": {
            "detail": "Sample specs 102"
        },
        "price": 33581,
        "image_url": "https://example.com/images/gpu-102.jpg",
        "product_url": "https://example.com/products/gpu-102"
    },
    {
        "name": "Sample Gpu 103",
        "category": "gpu",
        "brand": "zotac",
        "specs": {
            "detail": "Sample specs 103"
        },
        "price": 23002,
        "image_url": "https://example.com/images/gpu-103.jpg",
        "product_url": "https://example.com/products/gpu-103"
    },
    {
        "name": "Sample Gpu 104",
        "category": "gpu",
        "brand": "gigabyte",
        "specs": {
            "detail": "Sample specs 104"
        },
        "price": 44719,
        "image_url": "https://example.com/images/gpu-104.jpg",
        "product_url": "https://example.com/products/gpu-104"
    },
    {
        "name": "Sample Gpu 105",
        "category": "gpu",
        "brand": "zotac",
        "specs": {
            "detail": "Sample specs 105"
        },
        "price": 28673,
        "image_url": "https://example.com/images/gpu-105.jpg",
        "product_url": "https://example.com/products/gpu-105"
    },
    {
        "name": "Sample Gpu 106",
        "category": "gpu",
        "brand": "gigabyte",
        "specs": {
            "detail": "Sample specs 106"
        },
        "price": 43008,
        "image_url": "https://example.com/images/gpu-106.jpg",
        "product_url": "https://example.com/products/gpu-106"
    },
    {
        "name": "Sample Gpu 107",
        "category": "gpu",
        "brand": "msi",
        "specs": {
            "detail": "Sample specs 107"
        },
        "price": 35913,
        "image_url": "https://example.com/images/gpu-107.jpg",
        "product_url": "https://example.com/products/gpu-107"
    },
    {
        "name": "Sample Gpu 108",
        "category": "gpu",
        "brand": "zotac",
        "specs": {
            "detail": "Sample specs 108"
        },
        "price": 29296,
        "image_url": "https://example.com/images/gpu-108.jpg",
        "product_url": "https://example.com/products/gpu-108"
    },
    {
        "name": "Sample Gpu 109",
        "category": "gpu",
        "brand": "asus",
        "specs": {
            "detail": "Sample specs 109"
        },
        "price": 43725,
        "image_url": "https://example.com/images/gpu-109.jpg",
        "product_url": "https://example.com/products/gpu-109"
    },
    {
        "name": "Sample Gpu 110",
        "category": "gpu",
        "brand": "gigabyte",
        "specs": {
            "detail": "Sample specs 110"
        },
        "price": 28026,
        "image_url": "https://example.com/images/gpu-110.jpg",
        "product_url": "https://example.com/products/gpu-110"
    },
    {
        "name": "Sample Gpu 111",
        "category": "gpu",
        "brand": "msi",
        "specs": {
            "detail": "Sample specs 111"
        },
        "price": 7952,
        "image_url": "https://example.com/images/gpu-111.jpg",
        "product_url": "https://example.com/products/gpu-111"
    },
    {
        "name": "Sample Gpu 112",
        "category": "gpu",
        "brand": "asus",
        "specs": {
            "detail": "Sample specs 112"
        },
        "price": 17062,
        "image_url": "https://example.com/images/gpu-112.jpg",
        "product_url": "https://example.com/products/gpu-112"
    },
    {
        "name": "Sample Gpu 113",
        "category": "gpu",
        "brand": "asus",
        "specs": {
            "detail": "Sample specs 113"
        },
        "price": 17719,
        "image_url": "https://example.com/images/gpu-113.jpg",
        "product_url": "https://example.com/products/gpu-113"
    },
    {
        "name": "Sample Gpu 114",
        "category": "gpu",
        "brand": "gigabyte",
        "specs": {
            "detail": "Sample specs 114"
        },
        "price": 9585,
        "image_url": "https://example.com/images/gpu-114.jpg",
        "product_url": "https://example.com/products/gpu-114"
    },
    {
        "name": "Sample Gpu 115",
        "category": "gpu",
        "brand": "msi",
        "specs": {
            "detail": "Sample specs 115"
        },
        "price": 45385,
        "image_url": "https://example.com/images/gpu-115.jpg",
        "product_url": "https://example.com/products/gpu-115"
    },
    {
        "name": "Sample Gpu 116",
        "category": "gpu",
        "brand": "zotac",
        "specs": {
            "detail": "Sample specs 116"
        },
        "price": 18750,
        "image_url": "https://example.com/images/gpu-116.jpg",
        "product_url": "https://example.com/products/gpu-116"
    },
    {
        "name": "Sample Gpu 117",
        "category": "gpu",
        "brand": "zotac",
        "specs": {
            "detail": "Sample specs 117"
        },
        "price": 2623,
        "image_url": "https://example.com/images/gpu-117.jpg",
        "product_url": "https://example.com/products/gpu-117"
    },
    {
        "name": "Sample Gpu 118",
        "category": "gpu",
        "brand": "msi",
        "specs": {
            "detail": "Sample specs 118"
        },
        "price": 26406,
        "image_url": "https://example.com/images/gpu-118.jpg",
        "product_url": "https://example.com/products/gpu-118"
    },
    {
        "name": "Sample Gpu 119",
        "category": "gpu",
        "brand": "msi",
        "specs": {
            "detail": "Sample specs 119"
        },
        "price": 39541,
        "image_url": "https://example.com/images/gpu-119.jpg",
        "product_url": "https://example.com/products/gpu-119"
    },
    {
        "name": "Sample Gpu 120",
        "category": "gpu",
        "brand": "zotac",
        "specs": {
            "detail": "Sample specs 120"
        },
        "price": 47744,
        "image_url": "https://example.com/images/gpu-120.jpg",
        "product_url": "https://example.com/products/gpu-120"
    },
    {
        "name": "Sample Gpu 121",
        "category": "gpu",
        "brand": "msi",
        "specs": {
            "detail": "Sample specs 121"
        },
        "price": 43105,
        "image_url": "https://example.com/images/gpu-121.jpg",
        "product_url": "https://example.com/products/gpu-121"
    },
    {
        "name": "Sample Gpu 122",
        "category": "gpu",
        "brand": "zotac",
        "specs": {
            "detail": "Sample specs 122"
        },
        "price": 3700,
        "image_url": "https://example.com/images/gpu-122.jpg",
        "product_url": "https://example.com/products/gpu-122"
    },
    {
        "name": "Sample Gpu 123",
        "category": "gpu",
        "brand": "msi",
        "specs": {
            "detail": "Sample specs 123"
        },
        "price": 13891,
        "image_url": "https://example.com/images/gpu-123.jpg",
        "product_url": "https://example.com/products/gpu-123"
    },
    {
        "name": "Sample Gpu 124",
        "category": "gpu",
        "brand": "zotac",
        "specs": {
            "detail": "Sample specs 124"
        },
        "price": 33783,
        "image_url": "https://example.com/images/gpu-124.jpg",
        "product_url": "https://example.com/products/gpu-124"
    },
    {
        "name": "Sample Gpu 125",
        "category": "gpu",
        "brand": "gigabyte",
        "specs": {
            "detail": "Sample specs 125"
        },
        "price": 11846,
        "image_url": "https://example.com/images/gpu-125.jpg",
        "product_url": "https://example.com/products/gpu-125"
    },
    {
        "name": "Sample Gpu 126",
        "category": "gpu",
        "brand": "asus",
        "specs": {
            "detail": "Sample specs 126"
        },
        "price": 37429,
        "image_url": "https://example.com/images/gpu-126.jpg",
        "product_url": "https://example.com/products/gpu-126"
    },
    {
        "name": "Sample Gpu 127",
        "category": "gpu",
        "brand": "msi",
        "specs": {
            "detail": "Sample specs 127"
        },
        "price": 30308,
        "image_url": "https://example.com/images/gpu-127.jpg",
        "product_url": "https://example.com/products/gpu-127"
    },
    {
        "name": "Sample Gpu 128",
        "category": "gpu",
        "brand": "zotac",
        "specs": {
            "detail": "Sample specs 128"
        },
        "price": 7559,
        "image_url": "https://example.com/images/gpu-128.jpg",
        "product_url": "https://example.com/products/gpu-128"
    },
    {
        "name": "Sample Gpu 129",
        "category": "gpu",
        "brand": "zotac",
        "specs": {
            "detail": "Sample specs 129"
        },
        "price": 45503,
        "image_url": "https://example.com/images/gpu-129.jpg",
        "product_url": "https://example.com/products/gpu-129"
    },
    {
        "name": "Sample Gpu 130",
        "category": "gpu",
        "brand": "zotac",
        "specs": {
            "detail": "Sample specs 130"
        },
        "price": 6599,
        "image_url": "https://example.com/images/gpu-130.jpg",
        "product_url": "https://example.com/products/gpu-130"
    },
    {
        "name": "Sample Gpu 131",
        "category": "gpu",
        "brand": "asus",
        "specs": {
            "detail": "Sample specs 131"
        },
        "price": 46663,
        "image_url": "https://example.com/images/gpu-131.jpg",
        "product_url": "https://example.com/products/gpu-131"
    },
    {
        "name": "Sample Gpu 132",
        "category": "gpu",
        "brand": "msi",
        "specs": {
            "detail": "Sample specs 132"
        },
        "price": 48744,
        "image_url": "https://example.com/images/gpu-132.jpg",
        "product_url": "https://example.com/products/gpu-132"
    },
    {
        "name": "Sample Gpu 133",
        "category": "gpu",
        "brand": "zotac",
        "specs": {
            "detail": "Sample specs 133"
        },
        "price": 47407,
        "image_url": "https://example.com/images/gpu-133.jpg",
        "product_url": "https://example.com/products/gpu-133"
    },
    {
        "name": "Sample Gpu 134",
        "category": "gpu",
        "brand": "asus",
        "specs": {
            "detail": "Sample specs 134"
        },
        "price": 34503,
        "image_url": "https://example.com/images/gpu-134.jpg",
        "product_url": "https://example.com/products/gpu-134"
    },
    {
        "name": "Sample Gpu 135",
        "category": "gpu",
        "brand": "zotac",
        "specs": {
            "detail": "Sample specs 135"
        },
        "price": 13238,
        "image_url": "https://example.com/images/gpu-135.jpg",
        "product_url": "https://example.com/products/gpu-135"
    },
    {
        "name": "Sample Gpu 136",
        "category": "gpu",
        "brand": "msi",
        "specs": {
            "detail": "Sample specs 136"
        },
        "price": 39542,
        "image_url": "https://example.com/images/gpu-136.jpg",
        "product_url": "https://example.com/products/gpu-136"
    },
    {
        "name": "Sample Gpu 137",
        "category": "gpu",
        "brand": "asus",
        "specs": {
            "detail": "Sample specs 137"
        },
        "price": 14335,
        "image_url": "https://example.com/images/gpu-137.jpg",
        "product_url": "https://example.com/products/gpu-137"
    },
    {
        "name": "Sample Gpu 138",
        "category": "gpu",
        "brand": "gigabyte",
        "specs": {
            "detail": "Sample specs 138"
        },
        "price": 34126,
        "image_url": "https://example.com/images/gpu-138.jpg",
        "product_url": "https://example.com/products/gpu-138"
    },
    {
        "name": "Sample Gpu 139",
        "category": "gpu",
        "brand": "gigabyte",
        "specs": {
            "detail": "Sample specs 139"
        },
        "price": 34831,
        "image_url": "https://example.com/images/gpu-139.jpg",
        "product_url": "https://example.com/products/gpu-139"
    },
    {
        "name": "Sample Gpu 140",
        "category": "gpu",
        "brand": "asus",
        "specs": {
            "detail": "Sample specs 140"
        },
        "price": 24153,
        "image_url": "https://example.com/images/gpu-140.jpg",
        "product_url": "https://example.com/products/gpu-140"
    },
    {
        "name": "Sample Gpu 141",
        "category": "gpu",
        "brand": "asus",
        "specs": {
            "detail": "Sample specs 141"
        },
        "price": 16752,
        "image_url": "https://example.com/images/gpu-141.jpg",
        "product_url": "https://example.com/products/gpu-141"
    },
    {
        "name": "Sample Gpu 142",
        "category": "gpu",
        "brand": "gigabyte",
        "specs": {
            "detail": "Sample specs 142"
        },
        "price": 47858,
        "image_url": "https://example.com/images/gpu-142.jpg",
        "product_url": "https://example.com/products/gpu-142"
    },
    {
        "name": "Sample Gpu 143",
        "category": "gpu",
        "brand": "msi",
        "specs": {
            "detail": "Sample specs 143"
        },
        "price": 36359,
        "image_url": "https://example.com/images/gpu-143.jpg",
        "product_url": "https://example.com/products/gpu-143"
    },
    {
        "name": "Sample Gpu 144",
        "category": "gpu",
        "brand": "asus",
        "specs": {
            "detail": "Sample specs 144"
        },
        "price": 3347,
        "image_url": "https://example.com/images/gpu-144.jpg",
        "product_url": "https://example.com/products/gpu-144"
    },
    {
        "name": "Sample Gpu 145",
        "category": "gpu",
        "brand": "gigabyte",
        "specs": {
            "detail": "Sample specs 145"
        },
        "price": 28280,
        "image_url": "https://example.com/images/gpu-145.jpg",
        "product_url": "https://example.com/products/gpu-145"
    },
    {
        "name": "Sample Gpu 146",
        "category": "gpu",
        "brand": "zotac",
        "specs": {
            "detail": "Sample specs 146"
        },
        "price": 43423,
        "image_url": "https://example.com/images/gpu-146.jpg",
        "product_url": "https://example.com/products/gpu-146"
    },
    {
        "name": "Sample Gpu 147",
        "category": "gpu",
        "brand": "msi",
        "specs": {
            "detail": "Sample specs 147"
        },
        "price": 30456,
        "image_url": "https://example.com/images/gpu-147.jpg",
        "product_url": "https://example.com/products/gpu-147"
    },
    {
        "name": "Sample Gpu 148",
        "category": "gpu",
        "brand": "asus",
        "specs": {
            "detail": "Sample specs 148"
        },
        "price": 34995,
        "image_url": "https://example.com/images/gpu-148.jpg",
        "product_url": "https://example.com/products/gpu-148"
    },
    {
        "name": "Sample Gpu 149",
        "category": "gpu",
        "brand": "asus",
        "specs": {
            "detail": "Sample specs 149"
        },
        "price": 39100,
        "image_url": "https://example.com/images/gpu-149.jpg",
        "product_url": "https://example.com/products/gpu-149"
    },
    {
        "name": "Sample Gpu 150",
        "category": "gpu",
        "brand": "gigabyte",
        "specs": {
            "detail": "Sample specs 150"
        },
        "price": 45518,
        "image_url": "https://example.com/images/gpu-150.jpg",
        "product_url": "https://example.com/products/gpu-150"
    }
]