[
    {
        "name": "Sample Motherboard 1",
        "category": "motherboard",
        "brand": "asus",
        "specs": {
            "detail": "Sample specs 1"
        },
        "price": 31370,
        "image_url": "https://example.com/images/motherboard-1.jpg",
        "product_url": "https://example.com/products/motherboard-1"
    },
    {
        "name": "Sample Motherboard 2",
        "category": "motherboard",
        "brand": "gigabyte",
        "specs": {
            "detail": "Sample specs 2"
        },
        "price": 6708,
        "image_url": "https://example.com/images/motherboard-2.jpg",
        "product_url": "https://example.com/products/motherboard-2"
    },
    {
        "name": "Sample Motherboard 3",
        "category": "motherboard",
        "brand": "msi",
        "specs": {
            "detail": "Sample specs 3"
        },
        "price": 42889,
        "image_url": "https://example.com/images/motherboard-3.jpg",
        "product_url": "https://example.com/products/motherboard-3"
    },
    {
        "name": "Sample Motherboard 4",
        "category": "motherboard",
        "brand": "msi",
        "specs": {
            "detail": "Sample specs 4"
        },
        "price": 7970,
        "image_url": "https://example.com/images/motherboard-4.jpg",
        "product_url": "https://example.com/products/motherboard-4"
    },
    {
        "name": "Sample Motherboard 5",
        "category": "motherboard",
        "brand": "asus",
        "specs": {
            "detail": "Sample specs 5"
        },
        "price": 39416,
        "image_url": "https://example.com/images/motherboard-5.jpg",
        "product_url": "https://example.com/products/motherboard-5"
    },
    {
        "name": "Sample Motherboard 6",
        "category": "motherboard",
        "brand": "gigabyte",
        "specs": {
            "detail": "Sample specs 6"
        },
        "price": 47314,
        "image_url": "https://example.com/images/motherboard-6.jpg",
        "product_url": "https://example.com/products/motherboard-6"
    },
    {
        "name": "Sample Motherboard 7",
        "category": "motherboard",
        "brand": "msi",
        "specs": {
            "detail": "Sample specs 7"
        },
        "price": 45149,
        "image_url": "https://example.com/images/motherboard-7.jpg",
        "product_url": "https://example.com/products/motherboard-7"
    },
    {
        "name": "Sample Motherboard 8",
        "category": "motherboard",
        "brand": "gigabyte",
        "specs": {
            "detail": "Sample specs 8"
        },
        "price": 13885,
        "image_url": "https://example.com/images/motherboard-8.jpg",
        "product_url": "https://example.com/products/motherboard-8"
    },
    {
        "name": "Sample Motherboard 9",
        "category": "motherboard",
        "brand": "msi",
        "specs": {
            "detail": "Sample specs 9"
        },
        "price": 34536,
        "image_url": "https://example.com/images/motherboard-9.jpg",
        "product_url": "https://example.com/products/motherboard-9"
    },
    {
        "name": "Sample Motherboard 10",
        "category": "motherboard",
        "brand": "msi",
        "specs": {
            "detail": "Sample specs 10"
        },
        "price": 31368,
        "image_url": "https://example.com/images/motherboard-10.jpg",
        "product_url": "https://example.com/products/motherboard-10"
    },
    {
        "name": "Sample Motherboard 11",
        "category": "motherboard",
        "brand": "gigabyte",
        "specs": {
            "detail": "Sample specs 11"
        },
        "price": 45899,
        "image_url": "https://example.com/images/motherboard-11.jpg",
        "product_url": "https://example.com/products/motherboard-11"
    },
    {
        "name": "Sample Motherboard 12",
        "category": "motherboard",
        "brand": "asus",
        "specs": {
            "detail": "Sample specs 12"
        },
        "price": 18648,
        "image_url": "https://example.com/images/motherboard-12.jpg",
        "product_url": "https://example.com/products/motherboard-12"
    },
    {
        "name": "Sample Motherboard 13",
        "category": "motherboard",
        "brand": "asus",
        "specs": {
            "detail": "Sample specs 13"
        },
        "price": 13243,
        "image_url": "https://example.com/images/motherboard-13.jpg",
        "product_url": "https://example.com/products/motherboard-13"
    },
    {
        "name": "Sample Motherboard 14",
        "category": "motherboard",
        "brand": "gigabyte",
        "specs": {
            "detail": "Sample specs 14"
        },
        "price": 2302,
        "image_url": "https://example.com/images/motherboard-14.jpg",
        "product_url": "https://example.com/products/motherboard-14"
    },
    {
        "name": "Sample Motherboard 15",
        "category": "motherboard",
        "brand": "asus",
        "specs": {
            "detail": "Sample specs 15"
        },
        "price": 39772,
        "image_url": "https://example.com/images/motherboard-15.jpg",
        "product_url": "https://example.com/products/motherboard-15"
    },
    {
        "name": "Sample Motherboard 16",
        "category": "motherboard",
        "brand": "msi",
        "specs": {
            "detail": "Sample specs 16"
        },
        "price": 49092,
        "image_url": "https://example.com/images/motherboard-16.jpg",
        "product_url": "https://example.com/products/motherboard-16"
    },
    {
        "name": "Sample Motherboard 17",
        "category": "motherboard",
        "brand": "asus",
        "specs": {
            "detail": "Sample specs 17"
        },
        "price": 36384,
        "image_url": "https://example.com/images/motherboard-17.jpg",
        "product_url": "https://example.com/products/motherboard-17"
    },
    {
        "name": "Sample Motherboard 18",
        "category": "motherboard",
        "brand": "asus",
        "specs": {
            "detail": "Sample specs 18"
        },
        "price": 44235,
        "image_url": "https://example.com/images/motherboard-18.jpg",
        "product_url": "https://example.com/products/motherboard-18"
    },
    {
        "name": "Sample Motherboard 19",
        "category": "motherboard",
        "brand": "gigabyte",
        "specs": {
            "detail": "Sample specs 19"
        },
        "price": 45774,
        "image_url": "https://example.com/images/motherboard-19.jpg",
        "product_url": "https://example.com/products/motherboard-19"
    },
    {
        "name": "Sample Motherboard 20",
        "category": "motherboard",
        "brand": "asus",
        "specs": {
            "detail": "Sample specs 20"
        },
        "price": 20242,
        "image_url": "https://example.com/images/motherboard-20.jpg",
        "product_url": "https://example.com/products/motherboard-20"
    },
    {
        "name": "Sample Motherboard 21",
        "category": "motherboard",
        "brand": "msi",
        "specs": {
            "detail": "Sample specs 21"
        },
        "price": 23024,
        "image_url": "https://example.com/images/motherboard-21.jpg",
        "product_url": "https://example.com/products/motherboard-21"
    },
    {
        "name": "Sample Motherboard 22",
        "category": "motherboard",
        "brand": "asus",
        "specs": {
            "detail": "Sample specs 22"
        },
        "price": 10061,
        "image_url": "https://example.com/images/motherboard-22.jpg",
        "product_url": "https://example.com/products/motherboard-22"
    },
    {
        "name": "Sample Motherboard 23",
        "category": "motherboard",
        "brand": "gigabyte",
        "specs": {
            "detail": "Sample specs 23"
        },
        "price": 20439,
        "image_url": "https://example.com/images/motherboard-23.jpg",
        "product_url": "https://example.com/products/motherboard-23"
    },
    {
        "name": "Sample Motherboard 24",
        "category": "motherboard",
        "brand": "asus",
        "specs": {
            "detail": "Sample specs 24"
        },
        "price": 49236,
        "image_url": "https://example.com/images/motherboard-24.jpg",
        "product_url": "https://example.com/products/motherboard-24"
    },
    {
        "name": "Sample Motherboard 25",
        "category": "motherboard",
        "brand": "gigabyte",
        "specs": {
            "detail": "Sample specs 25"
        },
        "price": 23873,
        "image_url": "https://example.com/images/motherboard-25.jpg",
        "product_url": "https://example.com/products/motherboard-25"
    },
    {
        "name": "Sample Motherboard 26",
        "category": "motherboard",
        "brand": "asus",
        "specs": {
            "detail": "Sample specs 26"
        },
        "price": 40848,
        "image_url": "https://example.com/images/motherboard-26.jpg",
        "product_url": "https://example.com/products/motherboard-26"
    },
    {
        "name": "Sample Motherboard 27",
        "category": "motherboard",
        "brand": "asus",
        "specs": {
            "detail": "Sample specs 27"
        },
        "price": 14469,
        "image_url": "https://example.com/images/motherboard-27.jpg",
        "product_url": "https://example.com/products/motherboard-27"
    },
    {
        "name": "Sample Motherboard 28",
        "category": "motherboard",
        "brand": "asus",
        "specs": {
            "detail": "Sample specs 28"
        },
        "price": 11192,
        "image_url": "https://example.com/images/motherboard-28.jpg",
        "product_url": "https://example.com/products/motherboard-28"
    },
    {
        "name": "Sample Motherboard 29",
        "category": "motherboard",
        "brand": "gigabyte",
        "specs": {
            "detail": "Sample specs 29"
        },
        "price": 34278,
        "image_url": "https://example.com/images/motherboard-29.jpg",
        "product_url": "https://example.com/products/motherboard-29"
    },
    {
        "name": "Sample Motherboard 30",
        "category": "motherboard",
        "brand": "gigabyte",
        "specs": {
            "detail": "Sample specs 30"
        },
        "price": 47823,
        "image_url": "https://example.com/images/motherboard-30.jpg",
        "product_url": "https://example.com/products/motherboard-30"
    },
    {
        "name": "Sample Motherboard 31",
        "category": "motherboard",
        "brand": "msi",
        "specs": {
            "detail": "Sample specs 31"
        },
        "price": 27684,
        "image_url": "https://example.com/images/motherboard-31.jpg",
        "product_url": "https://example.com/products/motherboard-31"
    },
    {
        "name": "Sample Motherboard 32",
        "category": "motherboard",
        "brand": "msi",
        "specs": {
            "detail": "Sample specs 32"
        },
        "price": 41166,
        "image_url": "https://example.com/images/motherboard-32.jpg",
        "product_url": "https://example.com/products/motherboard-32"
    },
    {
        "name": "Sample Motherboard 33",
        "category": "motherboard",
        "brand": "msi",
        "specs": {
            "detail": "Sample specs 33"
        },
        "price": 3224,
        "image_url": "https://example.com/images/motherboard-33.jpg",
        "product_url": "https://example.com/products/motherboard-33"
    },
    {
        "name": "Sample Motherboard 34",
        "category": "motherboard",
        "brand": "gigabyte",
        "specs": {
            "detail": "Sample specs 34"
        },
        "price": 43443,
        "image_url": "https://example.com/images/motherboard-34.jpg",
        "product_url": "https://example.com/products/motherboard-34"
    },
    {
        "name": "Sample Motherboard 35",
        "category": "motherboard",
        "brand": "gigabyte",
        "specs": {
            "detail": "Sample specs 35"
        },
        "price": 30786,
        "image_url": "https://example.com/images/motherboard-35.jpg",
        "product_url": "https://example.com/products/motherboard-35"
    },
    {
        "name": "Sample Motherboard 36",
        "category": "motherboard",
        "brand": "asus",
        "specs": {
            "detail": "Sample specs 36"
        },
        "price": 17565,
        "image_url": "https://example.com/images/motherboard-36.jpg",
        "product_url": "https://example.com/products/motherboard-36"
    },
    {
        "name": "Sample Motherboard 37",
        "category": "motherboard",
        "brand": "gigabyte",
        "specs": {
            "detail": "Sample specs 37"
        },
        "price": 45442,
        "image_url": "https://example.com/images/motherboard-37.jpg",
        "product_url": "https://example.com/products/motherboard-37"
    },
    {
        "name": "Sample Motherboard 38",
        "category": "motherboard",
        "brand": "gigabyte",
        "specs": {
            "detail": "Sample specs 38"
        },
        "price": 4386,
        "image_url": "https://example.com/images/motherboard-38.jpg",
        "product_url": "https://example.com/products/motherboard-38"
    },
    {
        "name": "Sample Motherboard 39",
        "category": "motherboard",
        "brand": "asus",
        "specs": {
            "detail": "Sample specs 39"
        },
        "price": 2238,
        "image_url": "https://example.com/images/motherboard-39.jpg",
        "product_url": "https://example.com/products/motherboard-39"
    },
    {
        "name": "Sample Motherboard 40",
        "category": "motherboard",
        "brand": "gigabyte",
        "specs": {
            "detail": "Sample specs 40"
        },
        "price": 8768,
        "image_url": "https://example.com/images/motherboard-40.jpg",
        "product_url": "https://example.com/products/motherboard-40"
    },
    {
        "name": "Sample Motherboard 41",
        "category": "motherboard",
        "brand": "msi",
        "specs": {
            "detail": "Sample specs 41"
        },
        "price": 41551,
        "image_url": "https://example.com/images/motherboard-41.jpg",
        "product_url": "https://example.com/products/motherboard-41"
    },
    {
        "name": "Sample Motherboard 42",
        "category": "motherboard",
        "brand": "asus",
        "specs": {
            "detail": "Sample specs 42"
        },
        "price": 18721,
        "image_url": "https://example.com/images/motherboard-42.jpg",
        "product_url": "https://example.com/products/motherboard-42"
    },
    {
        "name": "Sample Motherboard 43",
        "category": "motherboard",
        "brand": "gigabyte",
        "specs": {
            "detail": "Sample specs 43"
        },
        "price": 32955,
        "image_url": "https://example.com/images/motherboard-43.jpg",
        "product_url": "https://example.com/products/motherboard-43"
    },
    {
        "name": "Sample Motherboard 44",
        "category": "motherboard",
        "brand": "asus",
        "specs": {
            "detail": "Sample specs 44"
        },
        "price": 23202,
        "image_url": "https://example.com/images/motherboard-44.jpg",
        "product_url": "https://example.com/products/motherboard-44"
    },
    {
        "name": "Sample Motherboard 45",
        "category": "motherboard",
        "brand": "msi",
        "specs": {
            "detail": "Sample specs 45"
        },
        "price": 26580,
        "image_url": "https://example.com/images/motherboard-45.jpg",
        "product_url": "https://example.com/products/motherboard-45"
    },
    {
        "name": "Sample Motherboard 46",
        "category": "motherboard",
        "brand": "msi",
        "specs": {
            "detail": "Sample specs 46"
        },
        "price": 39405,
        "image_url": "https://example.com/images/motherboard-46.jpg",
        "product_url": "https://example.com/products/motherboard-46"
    },
    {
        "name": "Sample Motherboard 47",
        "category": "motherboard",
        "brand": "msi",
        "specs": {
            "detail": "Sample specs 47"
        },
        "price": 10314,
        "image_url": "https://example.com/images/motherboard-47.jpg",
        "product_url": "https://example.com/products/motherboard-47"
    },
    {
        "name": "Sample Motherboard 48",
        "category": "motherboard",
        "brand": "asus",
        "specs": {
            "detail": "Sample specs 48"
        },
        "price": 16966,
        "image_url": "https://example.com/images/motherboard-48.jpg",
        "product_url": "https://example.com/products/motherboard-48"
    },
    {
        "name": "Sample Motherboard 49",
        "category": "motherboard",
        "brand": "msi",
        "specs": {
            "detail": "Sample specs 49"
        },
        "price": 42657,
        "image_url": "https://example.com/images/motherboard-49.jpg",
        "product_url": "https://example.com/products/motherboard-49"
    },
    {
        "name": "Sample Motherboard 50",
        "category": "motherboard",
        "brand": "gigabyte",
        "specs": {
            "detail": "Sample specs 50"
        },
        "price": 8508,
        "image_url": "https://example.com/images/motherboard-50.jpg",
        "product_url": "https://example.com/products/motherboard-50"
    },
    {
        "name": "Sample Motherboard 51",
        "category": "motherboard",
        "brand": "gigabyte",
        "specs": {
            "detail": "Sample specs 51"
        },
        "price": 14710,
        "image_url": "https://example.com/images/motherboard-51.jpg",
        "product_url": "https://example.com/products/motherboard-51"
    },
    {
        "name": "Sample Motherboard 52",
        "category": "motherboard",
        "brand": "msi",
        "specs": {
            "detail": "Sample specs 52"
        },
        "price": 13641,
        "image_url": "https://example.com/images/motherboard-52.jpg",
        "product_url": "https://example.com/products/motherboard-52"
    },
    {
        "name": "Sample Motherboard 53",
        "category": "motherboard",
        "brand": "gigabyte",
        "specs": {
            "detail": "Sample specs 53"
        },
        "price": 10686,
        "image_url": "https://example.com/images/motherboard-53.jpg",
        "product_url": "https://example.com/products/motherboard-53"
    },
    {
        "name": "Sample Motherboard 54",
        "category": "motherboard",
        "brand": "gigabyte",
        "specs": {
            "detail": "Sample specs 54"
        },
        "price": 30690,
        "image_url": "https://example.com/images/motherboard-54.jpg",
        "product_url": "https://example.com/products/motherboard-54"
    },
    {
        "name": "Sample Motherboard 55",
        "category": "motherboard",
        "brand": "gigabyte",
        "specs": {
            "detail": "Sample specs 55"
        },
        "price": 12473,
        "image_url": "https://example.com/images/motherboard-55.jpg",
        "product_url": "https://example.com/products/motherboard-55"
    },
    {
        "name": "Sample Motherboard 56",
        "category": "motherboard",
        "brand": "gigabyte",
        "specs": {
            "detail": "Sample specs 56"
        },
        "price": 49965,
        "image_url": "https://example.com/images/motherboard-56.jpg",
        "product_url": "https://example.com/products/motherboard-56"
    },
    {
        "name": "Sample Motherboard 57",
        "category": "motherboard",
        "brand": "gigabyte",
        "specs": {
            "detail": "Sample specs 57"
        },
        "price": 15543,
        "image_url": "https://example.com/images/motherboard-57.jpg",
        "product_url": "https://example.com/products/motherboard-57"
    },
    {
        "name": "Sample Motherboard 58",
        "category": "motherboard",
        "brand": "msi",
        "specs": {
            "detail": "Sample specs 58"
        },
        "price": 10127,
        "image_url": "https://example.com/images/motherboard-58.jpg",
        "product_url": "https://example.com/products/motherboard-58"
    },
    {
        "name": "Sample Motherboard 59",
        "category": "motherboard",
        "brand": "gigabyte",
        "specs": {
            "detail": "Sample specs 59"
        },
        "price": 9754,
        "image_url": "https://example.com/images/motherboard-59.jpg",
        "product_url": "https://example.com/products/motherboard-59"
    },
    {
        "name": "Sample Motherboard 60",
        "category": "motherboard",
        "brand": "asus",
        "specs": {
            "detail": "Sample specs 60"
        },
        "price": 36778,
        "image_url": "https://example.com/images/motherboard-60.jpg",
        "product_url": "https://example.com/products/motherboard-60"
    },
    {
        "name": "Sample Motherboard 61",
        "category": "motherboard",
        "brand": "msi",
        "specs": {
            "detail": "Sample specs 61"
        },
        "price": 49870,
        "image_url": "https://example.com/images/motherboard-61.jpg",
        "product_url": "https://example.com/products/motherboard-61"
    },
    {
        "name": "Sample Motherboard 62",
        "category": "motherboard",
        "brand": "gigabyte",
        "specs": {
            "detail": "Sample specs 62"
        },
        "price": 3753,
        "image_url": "https://example.com/images/motherboard-62.jpg",
        "product_url": "https://example.com/products/motherboard-62"
    },
    {
        "name": "Sample Motherboard 63",
        "category": "motherboard",
        "brand": "asus",
        "specs": {
            "detail": "Sample specs 63"
        },
        "price": 40156,
        "image_url": "https://example.com/images/motherboard-63.jpg",
        "product_url": "https://example.com/products/motherboard-63"
    },
    {
        "name": "Sample Motherboard 64",
        "category": "motherboard",
        "brand": "asus",
        "specs": {
            "detail": "Sample specs 64"
        },
        "price": 30563,
        "image_url": "https://example.com/images/motherboard-64.jpg",
        "product_url": "https://example.com/products/motherboard-64"
    },
    {
        "name": "Sample Motherboard 65",
        "category": "motherboard",
        "brand": "asus",
        "specs": {
            "detail": "Sample specs 65"
        },
        "price": 33441,
        "image_url": "https://example.com/images/motherboard-65.jpg",
        "product_url": "https://example.com/products/motherboard-65"
    },
    {
        "name": "Sample Motherboard 66",
        "category": "motherboard",
        "brand": "asus",
        "specs": {
            "detail": "Sample specs 66"
        },
        "price": 4363,
        "image_url": "https://example.com/images/motherboard-66.jpg",
        "product_url": "https://example.com/products/motherboard-66"
    },
    {
        "name": "Sample Motherboard 67",
        "category": "motherboard",
        "brand": "msi",
        "specs": {
            "detail": "Sample specs 67"
        },
        "price": 46466,
        "image_url": "https://example.com/images/motherboard-67.jpg",
        "product_url": "https://example.com/products/motherboard-67"
    },
    {
        "name": "Sample Motherboard 68",
        "category": "motherboard",
        "brand": "gigabyte",
        "specs": {
            "detail": "Sample specs 68"
        },
        "price": 28775,
        "image_url": "https://example.com/images/motherboard-68.jpg",
        "product_url": "https://example.com/products/motherboard-68"
    },
    {
        "name": "Sample Motherboard 69",
        "category": "motherboard",
        "brand": "asus",
        "specs": {
            "detail": "Sample specs 69"
        },
        "price": 15450,
        "image_url": "https://example.com/images/motherboard-69.jpg",
        "product_url": "https://example.com/products/motherboard-69"
    },
    {
        "name": "Sample Motherboard 70",
        "category": "motherboard",
        "brand": "asus",
        "specs": {
            "detail": "Sample specs 70"
        },
        "price": 34620,
        "image_url": "https://example.com/images/motherboard-70.jpg",
        "product_url": "https://example.com/products/motherboard-70"
    },
    {
        "name": "Sample Motherboard 71",
        "category": "motherboard",
        "brand": "msi",
        "specs": {
            "detail": "Sample specs 71"
        },
        "price": 40900,
        "image_url": "https://example.com/images/motherboard-71.jpg",
        "product_url": "https://example.com/products/motherboard-71"
    },
    {
        "name": "Sample Motherboard 72",
        "category": "motherboard",
        "brand": "gigabyte",
        "specs": {
            "detail": "Sample specs 72"
        },
        "price": 30136,
        "image_url": "https://example.com/images/motherboard-72.jpg",
        "product_url": "https://example.com/products/motherboard-72"
    },
    {
        "name": "Sample Motherboard 73",
        "category": "motherboard",
        "brand": "msi",
        "specs": {
            "detail": "Sample specs 73"
        },
        "price": 31810,
        "image_url": "https://example.com/images/motherboard-73.jpg",
        "product_url": "https://example.com/products/motherboard-73"
    },
    {
        "name": "Sample Motherboard 74",
        "category": "motherboard",
        "brand": "asus",
        "specs": {
            "detail": "Sample specs 74"
        },
        "price": 35182,
        "image_url": "https://example.com/images/motherboard-74.jpg",
        "product_url": "https://example.com/products/motherboard-74"
    },
    {
        "name": "Sample Motherboard 75",
        "category": "motherboard",
        "brand": "asus",
        "specs": {
            "detail": "Sample specs 75"
        },
        "price": 9840,
        "image_url": "https://example.com/images/motherboard-75.jpg",
        "product_url": "https://example.com/products/motherboard-75"
    },
    {
        "name": "Sample Motherboard 76",
        "category": "motherboard",
        "brand": "asus",
        "specs": {
            "detail": "Sample specs 76"
        },
        "price": 41481,
        "image_url": "https://example.com/images/motherboard-76.jpg",
        "product_url": "https://example.com/products/motherboard-76"
    },
    {
        "name": "Sample Motherboard 77",
        "category": "motherboard",
        "brand": "asus",
        "specs": {
            "detail": "Sample specs 77"
        },
        "price": 22307,
        "image_url": "https://example.com/images/motherboard-77.jpg",
        "product_url": "https://example.com/products/motherboard-77"
    },
    {
        "name": "Sample Motherboard 78",
        "category": "motherboard",
        "brand": "gigabyte",
        "specs": {
            "detail": "Sample specs 78"
        },
        "price": 38305,
        "image_url": "https://example.com/images/motherboard-78.jpg",
        "product_url": "https://example.com/products/motherboard-78"
    },
    {
        "name": "Sample Motherboard 79",
        "category": "motherboard",
        "brand": "asus",
        "specs": {
            "detail": "Sample specs 79"
        },
        "price": 15908,
        "image_url": "https://example.com/images/motherboard-79.jpg",
        "product_url": "https://example.com/products/motherboard-79"
    },
    {
        "name": "Sample Motherboard 80",
        "category": "motherboard",
        "brand": "gigabyte",
        "specs": {
            "detail": "Sample specs 80"
        },
        "price": 42244,
        "image_url": "https://example.com/images/motherboard-80.jpg",
        "product_url": "https://example.com/products/motherboard-80"
    },
    {
        "name": "Sample Motherboard 81",
        "category": "motherboard",
        "brand": "msi",
        "specs": {
            "detail": "Sample specs 81"
        },
        "price": 7646,
        "image_url": "https://example.com/images/motherboard-81.jpg",
        "product_url": "https://example.com/products/motherboard-81"
    },
    {
        "name": "Sample Motherboard 82",
        "category": "motherboard",
        "brand": "asus",
        "specs": {
            "detail": "Sample specs 82"
        },
        "price": 9387,
        "image_url": "https://example.com/images/motherboard-82.jpg",
        "product_url": "https://example.com/products/motherboard-82"
    },
    {
        "name": "Sample Motherboard 83",
        "category": "motherboard",
        "brand": "asus",
        "specs": {
            "detail": "Sample specs 83"
        },
        "price": 38345,
        "image_url": "https://example.com/images/motherboard-83.jpg",
        "product_url": "https://example.com/products/motherboard-83"
    },
    {
        "name": "Sample Motherboard 84",
        "category": "motherboard",
        "brand": "asus",
        "specs": {
            "detail": "Sample specs 84"
        },
        "price": 40776,
        "image_url": "https://example.com/images/motherboard-84.jpg",
        "product_url": "https://example.com/products/motherboard-84"
    },
    {
        "name": "Sample Motherboard 85",
        "category": "motherboard",
        "brand": "gigabyte",
        "specs": {
            "detail": "Sample specs 85"
        },
        "price": 13288,
        "image_url": "https://example.com/images/motherboard-85.jpg",
        "product_url": "https://example.com/products/motherboard-85"
    },
    {
        "name": "Sample Motherboard 86",
        "category": "motherboard",
        "brand": "msi",
        "specs": {
            "detail": "Sample specs 86"
        },
        "price": 8782,
        "image_url": "https://example.com/images/motherboard-86.jpg",
        "product_url": "https://example.com/products/motherboard-86"
    },
    {
        "name": "Sample Motherboard 87",
        "category": "motherboard",
        "brand": "msi",
        "specs": {
            "detail": "Sample specs 87"
        },
        "price": 33887,
        "image_url": "https://example.com/images/motherboard-87.jpg",
        "product_url": "https://example.com/products/motherboard-87"
    },
    {
        "name": "Sample Motherboard 88",
        "category": "motherboard",
        "brand": "asus",
        "specs": {
            "detail": "Sample specs 88"
        },
        "price": 31651,
        "image_url": "https://example.com/images/motherboard-88.jpg",
        "product_url": "https://example.com/products/motherboard-88"
    },
    {
        "name": "Sample Motherboard 89",
        "category": "motherboard",
        "brand": "gigabyte",
        "specs": {
            "detail": "Sample specs 89"
        },
        "price": 28482,
        "image_url": "https://example.com/images/motherboard-89.jpg",
        "product_url": "https://example.com/products/motherboard-89"
    },
    {
        "name": "Sample Motherboard 90",
        "category": "motherboard",
        "brand": "msi",
        "specs": {
            "detail": "Sample specs 90"
        },
        "price": 16820,
        "image_url": "https://example.com/images/motherboard-90.jpg",
        "product_url": "https://example.com/products/motherboard-90"
    },
    {
        "name": "Sample Motherboard 91",
        "category": "motherboard",
        "brand": "gigabyte",
        "specs": {
            "detail": "Sample specs 91"
        },
        "price": 48981,
        "image_url": "https://example.com/images/motherboard-91.jpg",
        "product_url": "https://example.com/products/motherboard-91"
    },
    {
        "name": "Sample Motherboard 92",
        "category": "motherboard",
        "brand": "gigabyte",
        "specs": {
            "detail": "Sample specs 92"
        },
        "price": 27757,
        "image_url": "https://example.com/images/motherboard-92.jpg",
        "product_url": "https://example.com/products/motherboard-92"
    },
    {
        "name": "Sample Motherboard 93",
        "category": "motherboard",
        "brand": "msi",
        "specs": {
            "detail": "Sample specs 93"
        },
        "price": 6754,
        "image_url": "https://example.com/images/motherboard-93.jpg",
        "product_url": "https://example.com/products/motherboard-93"
    },
    {
        "name": "Sample Motherboard 94",
        "category": "motherboard",
        "brand": "asus",
        "specs": {
            "detail": "Sample specs 94"
        },
        "price": 37216,
        "image_url": "https://example.com/images/motherboard-94.jpg",
        "product_url": "https://example.com/products/motherboard-94"
    },
    {
        "name": "Sample Motherboard 95",
        "category": "motherboard",
        "brand": "asus",
        "specs": {
            "detail": "Sample specs 95"
        },
        "price": 20364,
        "image_url": "https://example.com/images/motherboard-95.jpg",
        "product_url": "https://example.com/products/motherboard-95"
    },
    {
        "name": "Sample Motherboard 96",
        "category": "motherboard",
        "brand": "asus",
        "specs": {
            "detail": "Sample specs 96"
        },
        "price": 15520,
        "image_url": "https://example.com/images/motherboard-96.jpg",
        "product_url": "https://example.com/products/motherboard-96"
    },
    {
        "name": "Sample Motherboard 97",
        "category": "motherboard",
        "brand": "gigabyte",
        "specs": {
            "detail": "Sample specs 97"
        },
        "price": 24542,
        "image_url": "https://example.com/images/motherboard-97.jpg",
        "product_url": "https://example.com/products/motherboard-97"
    },
    {
        "name": "Sample Motherboard 98",
        "category": "motherboard",
        "brand": "asus",
        "specs": {
            "detail": "Sample specs 98"
        },
        "price": 18105,
        "image_url": "https://example.com/images/motherboard-98.jpg",
        "product_url": "https://example.com/products/motherboard-98"
    },
    {
        "name": "Sample Motherboard 99",
        "category": "motherboard",
        "brand": "msi",
        "specs": {
            "detail": "Sample specs 99"
        },
        "price": 30829,
        "image_url": "https://example.com/images/motherboard-99.jpg",
        "product_url": "https://example.com/products/motherboard-99"
    },
    {
        "name": "Sample Motherboard 100",
        "category": "motherboard",
        "brand": "asus",
        "specs": {
            "detail": "Sample specs 100"
        },
        "price": 23789,
        "image_url": "https://example.com/images/motherboard-100.jpg",
        "product_url": "https://example.com/products/motherboard-100"
    },
    {
        "name": "Sample Motherboard 101",
        "category": "motherboard",
        "brand": "msi",
        "specs": {
            "detail": "Sample specs 101"
        },
        "price": 43708,
        "image_url": "https://example.com/images/motherboard-101.jpg",
        "product_url": "https://example.com/products/motherboard-101"
    },
    {
        "name": "Sample Motherboard 102",
        "category": "motherboard",
        "brand": "msi",
        "specs": {
            "detail": "Sample specs 102"
        },
        "price": 44678,
        "image_url": "https://example.com/images/motherboard-102.jpg",
        "product_url": "https://example.com/products/motherboard-102"
    },
    {
        "name": "Sample Motherboard 103",
        "category": "motherboard",
        "brand": "gigabyte",
        "specs": {
            "detail": "Sample specs 103"
        },
        "price": 14247,
        "image_url": "https://example.com/images/motherboard-103.jpg",
        "product_url": "https://example.com/products/motherboard-103"
    },
    {
        "name": "Sample Motherboard 104",
        "category": "motherboard",
        "brand": "msi",
        "specs": {
            "detail": "Sample specs 104"
        },
        "price": 8608,
        "image_url": "https://example.com/images/motherboard-104.jpg",
        "product_url": "https://example.com/products/motherboard-104"
    },
    {
        "name": "Sample Motherboard 105",
        "category": "motherboard",
        "brand": "asus",
        "specs": {
            "detail": "Sample specs 105"
        },
        "price": 22006,
        "image_url": "https://example.com/images/motherboard-105.jpg",
        "product_url": "https://example.com/products/motherboard-105"
    },
    {
        "name": "Sample Motherboard 106",
        "category": "motherboard",
        "brand": "gigabyte",
        "specs": {
            "detail": "Sample specs 106"
        },
        "price": 12545,
        "image_url": "https://example.com/images/motherboard-106.jpg",
        "product_url": "https://example.com/products/motherboard-106"
    },
    {
        "name": "Sample Motherboard 107",
        "category": "motherboard",
        "brand": "msi",
        "specs": {
            "detail": "Sample specs 107"
        },
        "price": 30316,
        "image_url": "https://example.com/images/motherboard-107.jpg",
        "product_url": "https://example.com/products/motherboard-107"
    },
    {
        "name": "Sample Motherboard 108",
        "category": "motherboard",
        "brand": "asus",
        "specs": {
            "detail": "Sample specs 108"
        },
        "price": 2498,
        "image_url": "https://example.com/images/motherboard-108.jpg",
        "product_url": "https://example.com/products/motherboard-108"
    },
    {
        "name": "Sample Motherboard 109",
        "category": "motherboard",
        "brand": "asus",
        "specs": {
            "detail": "Sample specs 109"
        },
        "price": 32688,
        "image_url": "https://example.com/images/motherboard-109.jpg",
        "product_url": "https://example.com/products/motherboard-109"
    },
    {
        "name": "Sample Motherboard 110",
        "category": "motherboard",
        "brand": "gigabyte",
        "specs": {
            "detail": "Sample specs 110"
        },
        "price": 19766,
        "image_url": "https://example.com/images/motherboard-110.jpg",
        "product_url": "https://example.com/products/motherboard-110"
    },
    {
        "name": "Sample Motherboard 111",
        "category": "motherboard",
        "brand": "asus",
        "specs": {
            "detail": "Sample specs 111"
        },
        "price": 24007,
        "image_url": "https://example.com/images/motherboard-111.jpg",
        "product_url": "https://example.com/products/motherboard-111"
    },
    {
        "name": "Sample Motherboard 112",
        "category": "motherboard",
        "brand": "gigabyte",
        "specs": {
            "detail": "Sample specs 112"
        },
        "price": 46776,
        "image_url": "https://example.com/images/motherboard-112.jpg",
        "product_url": "https://example.com/products/motherboard-112"
    },
    {
        "name": "Sample Motherboard 113",
        "category": "motherboard",
        "brand": "asus",
        "specs": {
            "detail": "Sample specs 113"
        },
        "price": 3393,
        "image_url": "https://example.com/images/motherboard-113.jpg",
        "product_url": "https://example.com/products/motherboard-113"
    },
    {
        "name": "Sample Motherboard 114",
        "category": "motherboard",
        "brand": "asus",
        "specs": {
            "detail": "Sample specs 114"
        },
        "price": 48644,
        "image_url": "https://example.com/images/motherboard-114.jpg",
        "product_url": "https://example.com/products/motherboard-114"
    },
    {
        "name": "Sample Motherboard 115",
        "category": "motherboard",
        "brand": "gigabyte",
        "specs": {
            "detail": "Sample specs 115"
        },
        "price": 21379,
        "image_url": "https://example.com/images/motherboard-115.jpg",
        "product_url": "https://example.com/products/motherboard-115"
    },
    {
        "name": "Sample Motherboard 116",
        "category": "motherboard",
        "brand": "msi",
        "specs": {
            "detail": "Sample specs 116"
        },
        "price": 46044,
        "image_url": "https://example.com/images/motherboard-116.jpg",
        "product_url": "https://example.com/products/motherboard-116"
    },
    {
        "name": "Sample Motherboard 117",
        "category": "motherboard",
        "brand": "gigabyte",
        "specs": {
            "detail": "Sample specs 117"
        },
        "price": 18517,
        "image_url": "https://example.com/images/motherboard-117.jpg",
        "product_url": "https://example.com/products/motherboard-117"
    },
    {
        "name": "Sample Motherboard 118",
        "category": "motherboard",
        "brand": "msi",
        "specs": {
            "detail": "Sample specs 118"
        },
        "price": 27523,
        "image_url": "https://example.com/images/motherboard-118.jpg",
        "product_url": "https://example.com/products/motherboard-118"
    },
    {
        "name": "Sample Motherboard 119",
        "category": "motherboard",
        "brand": "gigabyte",
        "specs": {
            "detail": "Sample specs 119"
        },
        "price": 11645,
        "image_url": "https://example.com/images/motherboard-119.jpg",
        "product_url": "https://example.com/products/motherboard-119"
    },
    {
        "name": "Sample Motherboard 120",
        "category": "motherboard",
        "brand": "msi",
        "specs": {
            "detail": "Sample specs 120"
        },
        "price": 20363,
        "image_url": "https://example.com/images/motherboard-120.jpg",
        "product_url": "https://example.com/products/motherboard-120"
    },
    {
        "name": "Sample Motherboard 121",
        "category": "motherboard",
        "brand": "asus",
        "specs": {
            "detail": "Sample specs 121"
        },
        "price": 19036,
        "image_url": "https://example.com/images/motherboard-121.jpg",
        "product_url": "https://example.com/products/motherboard-121"
    },
    {
        "name": "Sample Motherboard 122",
        "category": "motherboard",
        "brand": "gigabyte",
        "specs": {
            "detail": "Sample specs 122"
        },
        "price": 41479,
        "image_url": "https://example.com/images/motherboard-122.jpg",
        "product_url": "https://example.com/products/motherboard-122"
    },
    {
        "name": "Sample Motherboard 123",
        "category": "motherboard",
        "brand": "asus",
        "specs": {
            "detail": "Sample specs 123"
        },
        "price": 22970,
        "image_url": "https://example.com/images/motherboard-123.jpg",
        "product_url": "https://example.com/products/motherboard-123"
    },
    {
        "name": "Sample Motherboard 124",
        "category": "motherboard",
        "brand": "msi",
        "specs": {
            "detail": "Sample specs 124"
        },
        "price": 35103,
        "image_url": "https://example.com/images/motherboard-124.jpg",
        "product_url": "https://example.com/products/motherboard-124"
    },
    {
        "name": "Sample Motherboard 125",
        "category": "motherboard",
        "brand": "msi",
        "specs": {
            "detail": "Sample specs 125"
        },
        "price": 15928,
        "image_url": "https://example.com/images/motherboard-125.jpg",
        "product_url": "https://example.com/products/motherboard-125"
    },
    {
        "name": "Sample Motherboard 126",
        "category": "motherboard",
        "brand": "gigabyte",
        "specs": {
            "detail": "Sample specs 126"
        },
        "price": 26175,
        "image_url": "https://example.com/images/motherboard-126.jpg",
        "product_url": "https://example.com/products/motherboard-126"
    },
    {
        "name": "Sample Motherboard 127",
        "category": "motherboard",
        "brand": "asus",
        "specs": {
            "detail": "Sample specs 127"
        },
        "price": 31930,
        "image_url": "https://example.com/images/motherboard-127.jpg",
        "product_url": "https://example.com/products/motherboard-127"
    },
    {
        "name": "Sample Motherboard 128",
        "category": "motherboard",
        "brand": "gigabyte",
        "specs": {
            "detail": "Sample specs 128"
        },
        "price": 12205,
        "image_url": "https://example.com/images/motherboard-128.jpg",
        "product_url": "https://example.com/products/motherboard-128"
    },
    {
        "name": "Sample Motherboard 129",
        "category": "motherboard",
        "brand": "msi",
        "specs": {
            "detail": "Sample specs 129"
        },
        "price": 17547,
        "image_url": "https://example.com/images/motherboard-129.jpg",
        "product_url": "https://example.com/products/motherboard-129"
    },
    {
        "name": "Sample Motherboard 130",
        "category": "motherboard",
        "brand": "gigabyte",
        "specs": {
            "detail": "Sample specs 130"
        },
        "price": 15529,
        "image_url": "https://example.com/images/motherboard-130.jpg",
        "product_url": "https://example.com/products/motherboard-130"
    },
    {
        "name": "Sample Motherboard 131",
        "category": "motherboard",
        "brand": "gigabyte",
        "specs": {
            "detail": "Sample specs 131"
        },
        "price": 48060,
        "image_url": "https://example.com/images/motherboard-131.jpg",
        "product_url": "https://example.com/products/motherboard-131"
    },
    {
        "name": "Sample Motherboard 132",
        "category": "motherboard",
        "brand": "asus",
        "specs": {
            "detail": "Sample specs 132"
        },
        "price": 38628,
        "image_url": "https://example.com/images/motherboard-132.jpg",
        "product_url": "https://example.com/products/motherboard-132"
    },
    {
        "name": "Sample Motherboard 133",
        "category": "motherboard",
        "brand": "asus",
        "specs": {
            "detail": "Sample specs 133"
        },
        "price": 32893,
        "image_url": "https://example.com/images/motherboard-133.jpg",
        "product_url": "https://example.com/products/motherboard-133"
    },
    {
        "name": "Sample Motherboard 134",
        "category": "motherboard",
        "brand": "gigabyte",
        "specs": {
            "detail": "Sample specs 134"
        },
        "price": 33928,
        "image_url": "https://example.com/images/motherboard-134.jpg",
        "product_url": "https://example.com/products/motherboard-134"
    },
    {
        "name": "Sample Motherboard 135",
        "category": "motherboard",
        "brand": "gigabyte",
        "specs": {
            "detail": "Sample specs 135"
        },
        "price": 39144,
        "image_url": "https://example.com/images/motherboard-135.jpg",
        "product_url": "https://example.com/products/motherboard-135"
    },
    {
        "name": "Sample Motherboard 136",
        "category": "motherboard",
        "brand": "asus",
        "specs": {
            "detail": "Sample specs 136"
        },
        "price": 20679,
        "image_url": "https://example.com/images/motherboard-136.jpg",
        "product_url": "https://example.com/products/motherboard-136"
    },
    {
        "name": "Sample Motherboard 137",
        "category": "motherboard",
        "brand": "msi",
        "specs": {
            "detail": "Sample specs 137"
        },
        "price": 6208,
        "image_url": "https://example.com/images/motherboard-137.jpg",
        "product_url": "https://example.com/products/motherboard-137"
    },
    {
        "name": "Sample Motherboard 138",
        "category": "motherboard",
        "brand": "asus",
        "specs": {
            "detail": "Sample specs 138"
        },
        "price": 21797,
        "image_url": "https://example.com/images/motherboard-138.jpg",
        "product_url": "https://example.com/products/motherboard-138"
    },
    {
        "name": "Sample Motherboard 139",
        "category": "motherboard",
        "brand": "msi",
        "specs": {
            "detail": "Sample specs 139"
        },
        "price": 41051,
        "image_url": "https://example.com/images/motherboard-139.jpg",
        "product_url": "https://example.com/products/motherboard-139"
    },
    {
        "name": "Sample Motherboard 140",
        "category": "motherboard",
        "brand": "msi",
        "specs": {
            "detail": "Sample specs 140"
        },
        "price": 23585,
        "image_url": "https://example.com/images/motherboard-140.jpg",
        "product_url": "https://example.com/products/motherboard-140"
    },
    {
        "name": "Sample Motherboard 141",
        "category": "motherboard",
        "brand": "msi",
        "specs": {
            "detail": "Sample specs 141"
        },
        "price": 3343,
        "image_url": "https://example.com/images/motherboard-141.jpg",
        "product_url": "https://example.com/products/motherboard-141"
    },
    {
        "name": "Sample Motherboard 142",
        "category": "motherboard",
        "brand": "asus",
        "specs": {
            "detail": "Sample specs 142"
        },
        "price": 27323,
        "image_url": "https://example.com/images/motherboard-142.jpg",
        "product_url": "https://example.com/products/motherboard-142"
    },
    {
        "name": "Sample Motherboard 143",
        "category": "motherboard",
        "brand": "asus",
        "specs": {
            "detail": "Sample specs 143"
        },
        "price": 39277,
        "image_url": "https://example.com/images/motherboard-143.jpg",
        "product_url": "https://example.com/products/motherboard-143"
    },
    {
        "name": "Sample Motherboard 144",
        "category": "motherboard",
        "brand": "msi",
        "specs": {
            "detail": "Sample specs 144"
        },
        "price": 37450,
        "image_url": "https://example.com/images/motherboard-144.jpg",
        "product_url": "https://example.com/products/motherboard-144"
    },
    {
        "name": "Sample Motherboard 145",
        "category": "motherboard",
        "brand": "asus",
        "specs": {
            "detail": "Sample specs 145"
        },
        "price": 17336,
        "image_url": "https://example.com/images/motherboard-145.jpg",
        "product_url": "https://example.com/products/motherboard-145"
    },
    {
        "name": "Sample Motherboard 146",
        "category": "motherboard",
        "brand": "asus",
        "specs": {
            "detail": "Sample specs 146"
        },
        "price": 21044,
        "image_url": "https://example.com/images/motherboard-146.jpg",
        "product_url": "https://example.com/products/motherboard-146"
    },
    {
        "name": "Sample Motherboard 147",
        "category": "motherboard",
        "brand": "msi",
        "specs": {
            "detail": "Sample specs 147"
        },
        "price": 22221,
        "image_url": "https://example.com/images/motherboard-147.jpg",
        "product_url": "https://example.com/products/motherboard-147"
    },
    {
        "name": "Sample Motherboard 148",
        "category": "motherboard",
        "brand": "asus",
        "specs": {
            "detail": "Sample specs 148"
        },
        "price": 35825,
        "image_url": "https://example.com/images/motherboard-148.jpg",
        "product_url": "https://example.com/products/motherboard-148"
    },
    {
        "name": "Sample Motherboard 149",
        "category": "motherboard",
        "brand": "asus",
        "specs": {
            "detail": "Sample specs 149"
        },
        "price": 44291,
        "image_url": "https://example.com/images/motherboard-149.jpg",
        "product_url": "https://example.com/products/motherboard-149"
    },
    {
        "name": "Sample Motherboard 150",
        "category": "motherboard",
        "brand": "gigabyte",
        "specs": {
            "detail": "Sample specs 150"
        },
        "price": 6598,
        "image_url": "https://example.com/images/motherboard-150.jpg",
        "product_url": "https://example.com/products/motherboard-150"
    }
]