[
    {
        "name": "Sample Psu 1",
        "category": "psu",
        "brand": "cooler master",
        "specs": {
            "detail": "Sample specs 1"
        },
        "price": 29687,
        "image_url": "https://example.com/images/psu-1.jpg",
        "product_url": "https://example.com/products/psu-1"
    },
    {
        "name": "Sample Psu 2",
        "category": "psu",
        "brand": "antec",
        "specs": {
            "detail": "Sample specs 2"
        },
        "price": 34409,
        "image_url": "https://example.com/images/psu-2.jpg",
        "product_url": "https://example.com/products/psu-2"
    },
    {
        "name": "Sample Psu 3",
        "category": "psu",
        "brand": "antec",
        "specs": {
            "detail": "Sample specs 3"
        },
        "price": 40296,
        "image_url": "https://example.com/images/psu-3.jpg",
        "product_url": "https://example.com/products/psu-3"
    },
    {
        "name": "Sample Psu 4",
        "category": "psu",
        "brand": "antec",
        "specs": {
            "detail": "Sample specs 4"
        },
        "price": 9442,
        "image_url": "https://example.com/images/psu-4.jpg",
        "product_url": "https://example.com/products/psu-4"
    },
    {
        "name": "Sample Psu 5",
        "category": "psu",
        "brand": "antec",
        "specs": {
            "detail": "Sample specs 5"
        },
        "price": 23440,
        "image_url": "https://example.com/images/psu-5.jpg",
        "product_url": "https://example.com/products/psu-5"
    },
    {
        "name": "Sample Psu 6",
        "category": "psu",
        "brand": "cooler master",
        "specs": {
            "detail": "Sample specs 6"
        },
        "price": 17023,
        "image_url": "https://example.com/images/psu-6.jpg",
        "product_url": "https://example.com/products/psu-6"
    },
    {
        "name": "Sample Psu 7",
        "category": "psu",
        "brand": "antec",
        "specs": {
            "detail": "Sample specs 7"
        },
        "price": 10759,
        "image_url": "https://example.com/images/psu-7.jpg",
        "product_url": "https://example.com/products/psu-7"
    },
    {
        "name": "Sample Psu 8",
        "category": "psu",
        "brand": "antec",
        "specs": {
            "detail": "Sample specs 8"
        },
        "price": 38811,
        "image_url": "https://example.com/images/psu-8.jpg",
        "product_url": "https://example.com/products/psu-8"
    },
    {
        "name": "Sample Psu 9",
        "category": "psu",
        "brand": "corsair",
        "specs": {
            "detail": "Sample specs 9"
        },
        "price": 17985,
        "image_url": "https://example.com/images/psu-9.jpg",
        "product_url": "https://example.com/products/psu-9"
    },
    {
        "name": "Sample Psu 10",
        "category": "psu",
        "brand": "corsair",
        "specs": {
            "detail": "Sample specs 10"
        },
        "price": 46174,
        "image_url": "https://example.com/images/psu-10.jpg",
        "product_url": "https://example.com/products/psu-10"
    },
    {
        "name": "Sample Psu 11",
        "category": "psu",
        "brand": "cooler master",
        "specs": {
            "detail": "Sample specs 11"
        },
        "price": 3445,
        "image_url": "https://example.com/images/psu-11.jpg",
        "product_url": "https://example.com/products/psu-11"
    },
    {
        "name": "Sample Psu 12",
        "category": "psu",
        "brand": "antec",
        "specs": {
            "detail": "Sample specs 12"
        },
        "price": 39748,
        "image_url": "https://example.com/images/psu-12.jpg",
        "product_url": "https://example.com/products/psu-12"
    },
    {
        "name": "Sample Psu 13",
        "category": "psu",
        "brand": "antec",
        "specs": {
            "detail": "Sample specs 13"
        },
        "price": 43103,
        "image_url": "https://example.com/images/psu-13.jpg",
        "product_url": "https://example.com/products/psu-13"
    },
    {
        "name": "Sample Psu 14",
        "category": "psu",
        "brand": "antec",
        "specs": {
            "detail": "Sample specs 14"
        },
        "price": 19513,
        "image_url": "https://example.com/images/psu-14.jpg",
        "product_url": "https://example.com/products/psu-14"
    },
    {
        "name": "Sample Psu 15",
        "category": "psu",
        "brand": "corsair",
        "specs": {
            "detail": "Sample specs 15"
        },
        "price": 47929,
        "image_url": "https://example.com/images/psu-15.jpg",
        "product_url": "https://example.com/products/psu-15"
    },
    {
        "name": "Sample Psu 16",
        "category": "psu",
        "brand": "antec",
        "specs": {
            "detail": "Sample specs 16"
        },
        "price": 4561,
        "image_url": "https://example.com/images/psu-16.jpg",
        "product_url": "https://example.com/products/psu-16"
    },
    {
        "name": "Sample Psu 17",
        "category": "psu",
        "brand": "corsair",
        "specs": {
            "detail": "Sample specs 17"
        },
        "price": 4962,
        "image_url": "https://example.com/images/psu-17.jpg",
        "product_url": "https://example.com/products/psu-17"
    },
    {
        "name": "Sample Psu 18",
        "category": "psu",
        "brand": "antec",
        "specs": {
            "detail": "Sample specs 18"
        },
        "price": 15798,
        "image_url": "https://example.com/images/psu-18.jpg",
        "product_url": "https://example.com/products/psu-18"
    },
    {
        "name": "Sample Psu 19",
        "category": "psu",
        "brand": "corsair",
        "specs": {
            "detail": "Sample specs 19"
        },
        "price": 27639,
        "image_url": "https://example.com/images/psu-19.jpg",
        "product_url": "https://example.com/products/psu-19"
    },
    {
        "name": "Sample Psu 20",
        "category": "psu",
        "brand": "antec",
        "specs": {
            "detail": "Sample specs 20"
        },
        "price": 46667,
        "image_url": "https://example.com/images/psu-20.jpg",
        "product_url": "https://example.com/products/psu-20"
    },
    {
        "name": "Sample Psu 21",
        "category": "psu",
        "brand": "antec",
        "specs": {
            "detail": "Sample specs 21"
        },
        "price": 31990,
        "image_url": "https://example.com/images/psu-21.jpg",
        "product_url": "https://example.com/products/psu-21"
    },
    {
        "name": "Sample Psu 22",
        "category": "psu",
        "brand": "cooler master",
        "specs": {
            "detail": "Sample specs 22"
        },
        "price": 26869,
        "image_url": "https://example.com/images/psu-22.jpg",
        "product_url": "https://example.com/products/psu-22"
    },
    {
        "name": "Sample Psu 23",
        "category": "psu",
        "brand": "cooler master",
        "specs": {
            "detail": "Sample specs 23"
        },
        "price": 36408,
        "image_url": "https://example.com/images/psu-23.jpg",
        "product_url": "https://example.com/products/psu-23"
    },
    {
        "name": "Sample Psu 24",
        "category": "psu",
        "brand": "cooler master",
        "specs": {
            "detail": "Sample specs 24"
        },
        "price": 7533,
        "image_url": "https://example.com/images/psu-24.jpg",
        "product_url": "https://example.com/products/psu-24"
    },
    {
        "name": "Sample Psu 25",
        "category": "psu",
        "brand": "antec",
        "specs": {
            "detail": "Sample specs 25"
        },
        "price": 45063,
        "image_url": "https://example.com/images/psu-25.jpg",
        "product_url": "https://example.com/products/psu-25"
    },
    {
        "name": "Sample Psu 26",
        "category": "psu",
        "brand": "antec",
        "specs": {
            "detail": "Sample specs 26"
        },
        "price": 41614,
        "image_url": "https://example.com/images/psu-26.jpg",
        "product_url": "https://example.com/products/psu-26"
    },
    {
        "name": "Sample Psu 27",
        "category": "psu",
        "brand": "cooler master",
        "specs": {
            "detail": "Sample specs 27"
        },
        "price": 12030,
        "image_url": "https://example.com/images/psu-27.jpg",
        "product_url": "https://example.com/products/psu-27"
    },
    {
        "name": "Sample Psu 28",
        "category": "psu",
        "brand": "antec",
        "specs": {
            "detail": "Sample specs 28"
        },
        "price": 25972,
        "image_url": "https://example.com/images/psu-28.jpg",
        "product_url": "https://example.com/products/psu-28"
    },
    {
        "name": "Sample Psu 29",
        "category": "psu",
        "brand": "corsair",
        "specs": {
            "detail": "Sample specs 29"
        },
        "price": 27013,
        "image_url": "https://example.com/images/psu-29.jpg",
        "product_url": "https://example.com/products/psu-29"
    },
    {
        "name": "Sample Psu 30",
        "category": "psu",
        "brand": "corsair",
        "specs": {
            "detail": "Sample specs 30"
        },
        "price": 11043,
        "image_url": "https://example.com/images/psu-30.jpg",
        "product_url": "https://example.com/products/psu-30"
    },
    {
        "name": "Sample Psu 31",
        "category": "psu",
        "brand": "corsair",
        "specs": {
            "detail": "Sample specs 31"
        },
        "price": 26954,
        "image_url": "https://example.com/images/psu-31.jpg",
        "product_url": "https://example.com/products/psu-31"
    },
    {
        "name": "Sample Psu 32",
        "category": "psu",
        "brand": "corsair",
        "specs": {
            "detail": "Sample specs 32"
        },
        "price": 3081,
        "image_url": "https://example.com/images/psu-32.jpg",
        "product_url": "https://example.com/products/psu-32"
    },
    {
        "name": "Sample Psu 33",
        "category": "psu",
        "brand": "corsair",
        "specs": {
            "detail": "Sample specs 33"
        },
        "price": 15082,
        "image_url": "https://example.com/images/psu-33.jpg",
        "product_url": "https://example.com/products/psu-33"
    },
    {
        "name": "Sample Psu 34",
        "category": "psu",
        "brand": "corsair",
        "specs": {
            "detail": "Sample specs 34"
        },
        "price": 30749,
        "image_url": "https://example.com/images/psu-34.jpg",
        "product_url": "https://example.com/products/psu-34"
    },
    {
        "name": "Sample Psu 35",
        "category": "psu",
        "brand": "antec",
        "specs": {
            "detail": "Sample specs 35"
        },
        "price": 48919,
        "image_url": "https://example.com/images/psu-35.jpg",
        "product_url": "https://example.com/products/psu-35"
    },
    {
        "name": "Sample Psu 36",
        "category": "psu",
        "brand": "corsair",
        "specs": {
            "detail": "Sample specs 36"
        },
        "price": 37381,
        "image_url": "https://example.com/images/psu-36.jpg",
        "product_url": "https://example.com/products/psu-36"
    },
    {
        "name": "Sample Psu 37",
        "category": "psu",
        "brand": "corsair",
        "specs": {
            "detail": "Sample specs 37"
        },
        "price": 13777,
        "image_url": "https://example.com/images/psu-37.jpg",
        "product_url": "https://example.com/products/psu-37"
    },
    {
        "name": "Sample Psu 38",
        "category": "psu",
        "brand": "antec",
        "specs": {
            "detail": "Sample specs 38"
        },
        "price": 43911,
        "image_url": "https://example.com/images/psu-38.jpg",
        "product_url": "https://example.com/products/psu-38"
    },
    {
        "name": "Sample Psu 39",
        "category": "psu",
        "brand": "corsair",
        "specs": {
            "detail": "Sample specs 39"
        },
        "price": 18679,
        "image_url": "https://example.com/images/psu-39.jpg",
        "product_url": "https://example.com/products/psu-39"
    },
    {
        "name": "Sample Psu 40",
        "category": "psu",
        "brand": "cooler master",
        "specs": {
            "detail": "Sample specs 40"
        },
        "price": 13128,
        "image_url": "https://example.com/images/psu-40.jpg",
        "product_url": "https://example.com/products/psu-40"
    },
    {
        "name": "Sample Psu 41",
        "category": "psu",
        "brand": "cooler master",
        "specs": {
            "detail": "Sample specs 41"
        },
        "price": 30030,
        "image_url": "https://example.com/images/psu-41.jpg",
        "product_url": "https://example.com/products/psu-41"
    },
    {
        "name": "Sample Psu 42",
        "category": "psu",
        "brand": "corsair",
        "specs": {
            "detail": "Sample specs 42"
        },
        "price": 18238,
        "image_url": "https://example.com/images/psu-42.jpg",
        "product_url": "https://example.com/products/psu-42"
    },
    {
        "name": "Sample Psu 43",
        "category": "psu",
        "brand": "cooler master",
        "specs": {
            "detail": "Sample specs 43"
        },
        "price": 19399,
        "image_url": "https://example.com/images/psu-43.jpg",
        "product_url": "https://example.com/products/psu-43"
    },
    {
        "name": "Sample Psu 44",
        "category": "psu",
        "brand": "antec",
        "specs": {
            "detail": "Sample specs 44"
        },
        "price": 26311,
        "image_url": "https://example.com/images/psu-44.jpg",
        "product_url": "https://example.com/products/psu-44"
    },
    {
        "name": "Sample Psu 45",
        "category": "psu",
        "brand": "cooler master",
        "specs": {
            "detail": "Sample specs 45"
        },
        "price": 48700,
        "image_url": "https://example.com/images/psu-45.jpg",
        "product_url": "https://example.com/products/psu-45"
    },
    {
        "name": "Sample Psu 46",
        "category": "psu",
        "brand": "antec",
        "specs": {
            "detail": "Sample specs 46"
        },
        "price": 10256,
        "image_url": "https://example.com/images/psu-46.jpg",
        "product_url": "https://example.com/products/psu-46"
    },
    {
        "name": "Sample Psu 47",
        "category": "psu",
        "brand": "cooler master",
        "specs": {
            "detail": "Sample specs 47"
        },
        "price": 47527,
        "image_url": "https://example.com/images/psu-47.jpg",
        "product_url": "https://example.com/products/psu-47"
    },
    {
        "name": "Sample Psu 48",
        "category": "psu",
        "brand": "corsair",
        "specs": {
            "detail": "Sample specs 48"
        },
        "price": 6934,
        "image_url": "https://example.com/images/psu-48.jpg",
        "product_url": "https://example.com/products/psu-48"
    },
    {
        "name": "Sample Psu 49",
        "category": "psu",
        "brand": "antec",
        "specs": {
            "detail": "Sample specs 49"
        },
        "price": 12264,
        "image_url": "https://example.com/images/psu-49.jpg",
        "product_url": "https://example.com/products/psu-49"
    },
    {
        "name": "Sample Psu 50",
        "category": "psu",
        "brand": "antec",
        "specs": {
            "detail": "Sample specs 50"
        },
        "price": 21132,
        "image_url": "https://example.com/images/psu-50.jpg",
        "product_url": "https://example.com/products/psu-50"
    },
    {
        "name": "Sample Psu 51",
        "category": "psu",
        "brand": "antec",
        "specs": {
            "detail": "Sample specs 51"
        },
        "price": 13438,
        "image_url": "https://example.com/images/psu-51.jpg",
        "product_url": "https://example.com/products/psu-51"
    },
    {
        "name": "Sample Psu 52",
        "category": "psu",
        "brand": "cooler master",
        "specs": {
            "detail": "Sample specs 52"
        },
        "price": 46219,
        "image_url": "https://example.com/images/psu-52.jpg",
        "product_url": "https://example.com/products/psu-52"
    },
    {
        "name": "Sample Psu 53",
        "category": "psu",
        "brand": "corsair",
        "specs": {
            "detail": "Sample specs 53"
        },
        "price": 13612,
        "image_url": "https://example.com/images/psu-53.jpg",
        "product_url": "https://example.com/products/psu-53"
    },
    {
        "name": "Sample Psu 54",
        "category": "psu",
        "brand": "cooler master",
        "specs": {
            "detail": "Sample specs 54"
        },
        "price": 4750,
        "image_url": "https://example.com/images/psu-54.jpg",
        "product_url": "https://example.com/products/psu-54"
    },
    {
        "name": "Sample Psu 55",
        "category": "psu",
        "brand": "corsair",
        "specs": {
            "detail": "Sample specs 55"
        },
        "price": 13599,
        "image_url": "https://example.com/images/psu-55.jpg",
        "product_url": "https://example.com/products/psu-55"
    },
    {
        "name": "Sample Psu 56",
        "category": "psu",
        "brand": "cooler master",
        "specs": {
            "detail": "Sample specs 56"
        },
        "price": 15528,
        "image_url": "https://example.com/images/psu-56.jpg",
        "product_url": "https://example.com/products/psu-56"
    },
    {
        "name": "Sample Psu 57",
        "category": "psu",
        "brand": "cooler master",
        "specs": {
            "detail": "Sample specs 57"
        },
        "price": 35914,
        "image_url": "https://example.com/images/psu-57.jpg",
        "product_url": "https://example.com/products/psu-57"
    },
    {
        "name": "Sample Psu 58",
        "category": "psu",
        "brand": "cooler master",
        "specs": {
            "detail": "Sample specs 58"
        },
        "price": 8111,
        "image_url": "https://example.com/images/psu-58.jpg",
        "product_url": "https://example.com/products/psu-58"
    },
    {
        "name": "Sample Psu 59",
        "category": "psu",
        "brand": "corsair",
        "specs": {
            "detail": "Sample specs 59"
        },
        "price": 15739,
        "image_url": "https://example.com/images/psu-59.jpg",
        "product_url": "https://example.com/products/psu-59"
    },
    {
        "name": "Sample Psu 60",
        "category": "psu",
        "brand": "antec",
        "specs": {
            "detail": "Sample specs 60"
        },
        "price": 35654,
        "image_url": "https://example.com/images/psu-60.jpg",
        "product_url": "https://example.com/products/psu-60"
    },
    {
        "name": "Sample Psu 61",
        "category": "psu",
        "brand": "corsair",
        "specs": {
            "detail": "Sample specs 61"
        },
        "price": 5950,
        "image_url": "https://example.com/images/psu-61.jpg",
        "product_url": "https://example.com/products/psu-61"
    },
    {
        "name": "Sample Psu 62",
        "category": "psu",
        "brand": "cooler master",
        "specs": {
            "detail": "Sample specs 62"
        },
        "price": 45828,
        "image_url": "https://example.com/images/psu-62.jpg",
        "product_url": "https://example.com/products/psu-62"
    },
    {
        "name": "Sample Psu 63",
        "category": "psu",
        "brand": "antec",
        "specs": {
            "detail": "Sample specs 63"
        },
        "price": 8587,
        "image_url": "https://example.com/images/psu-63.jpg",
        "product_url": "https://example.com/products/psu-63"
    },
    {
        "name": "Sample Psu 64",
        "category": "psu",
        "brand": "cooler master",
        "specs": {
            "detail": "Sample specs 64"
        },
        "price": 12514,
        "image_url": "https://example.com/images/psu-64.jpg",
        "product_url": "https://example.com/products/psu-64"
    },
    {
        "name": "Sample Psu 65",
        "category": "psu",
        "brand": "cooler master",
        "specs": {
            "detail": "Sample specs 65"
        },
        "price": 49097,
        "image_url": "https://example.com/images/psu-65.jpg",
        "product_url": "https://example.com/products/psu-65"
    },
    {
        "name": "Sample Psu 66",
        "category": "psu",
        "brand": "antec",
        "specs": {
            "detail": "Sample specs 66"
        },
        "price": 19644,
        "image_url": "https://example.com/images/psu-66.jpg",
        "product_url": "https://example.com/products/psu-66"
    },
    {
        "name": "Sample Psu 67",
        "category": "psu",
        "brand": "cooler master",
        "specs": {
            "detail": "Sample specs 67"
        },
        "price": 34003,
        "image_url": "https://example.com/images/psu-67.jpg",
        "product_url": "https://example.com/products/psu-67"
    },
    {
        "name": "Sample Psu 68",
        "category": "psu",
        "brand": "cooler master",
        "specs": {
            "detail": "Sample specs 68"
        },
        "price": 47550,
        "image_url": "https://example.com/images/psu-68.jpg",
        "product_url": "https://example.com/products/psu-68"
    },
    {
        "name": "Sample Psu 69",
        "category": "psu",
        "brand": "corsair",
        "specs": {
            "detail": "Sample specs 69"
        },
        "price": 25587,
        "image_url": "https://example.com/images/psu-69.jpg",
        "product_url": "https://example.com/products/psu-69"
    },
    {
        "name": "Sample Psu 70",
        "category": "psu",
        "brand": "antec",
        "specs": {
            "detail": "Sample specs 70"
        },
        "price": 16944,
        "image_url": "https://example.com/images/psu-70.jpg",
        "product_url": "https://example.com/products/psu-70"
    },
    {
        "name": "Sample Psu 71",
        "category": "psu",
        "brand": "corsair",
        "specs": {
            "detail": "Sample specs 71"
        },
        "price": 47049,
        "image_url": "https://example.com/images/psu-71.jpg",
        "product_url": "https://example.com/products/psu-71"
    },
    {
        "name": "Sample Psu 72",
        "category": "psu",
        "brand": "antec",
        "specs": {
            "detail": "Sample specs 72"
        },
        "price": 49328,
        "image_url": "https://example.com/images/psu-72.jpg",
        "product_url": "https://example.com/products/psu-72"
    },
    {
        "name": "Sample Psu 73",
        "category": "psu",
        "brand": "corsair",
        "specs": {
            "detail": "Sample specs 73"
        },
        "price": 36346,
        "image_url": "https://example.com/images/psu-73.jpg",
        "product_url": "https://example.com/products/psu-73"
    },
    {
        "name": "Sample Psu 74",
        "category": "psu",
        "brand": "corsair",
        "specs": {
            "detail": "Sample specs 74"
        },
        "price": 7442,
        "image_url": "https://example.com/images/psu-74.jpg",
        "product_url": "https://example.com/products/psu-74"
    },
    {
        "name": "Sample Psu 75",
        "category": "psu",
        "brand": "cooler master",
        "specs": {
            "detail": "Sample specs 75"
        },
        "price": 22832,
        "image_url": "https://example.com/images/psu-75.jpg",
        "product_url": "https://example.com/products/psu-75"
    },
    {
        "name": "Sample Psu 76",
        "category": "psu",
        "brand": "corsair",
        "specs": {
            "detail": "Sample specs 76"
        },
        "price": 30550,
        "image_url": "https://example.com/images/psu-76.jpg",
        "product_url": "https://example.com/products/psu-76"
    },
    {
        "name": "Sample Psu 77",
        "category": "psu",
        "brand": "antec",
        "specs": {
            "detail": "Sample specs 77"
        },
        "price": 43098,
        "image_url": "https://example.com/images/psu-77.jpg",
        "product_url": "https://example.com/products/psu-77"
    },
    {
        "name": "Sample Psu 78",
        "category": "psu",
        "brand": "cooler master",
        "specs": {
            "detail": "Sample specs 78"
        },
        "price": 10185,
        "image_url": "https://example.com/images/psu-78.jpg",
        "product_url": "https://example.com/products/psu-78"
    },
    {
        "name": "Sample Psu 79",
        "category": "psu",
        "brand": "cooler master",
        "specs": {
            "detail": "Sample specs 79"
        },
        "price": 18088,
        "image_url": "https://example.com/images/psu-79.jpg",
        "product_url": "https://example.com/products/psu-79"
    },
    {
        "name": "Sample Psu 80",
        "category": "psu",
        "brand": "cooler master",
        "specs": {
            "detail": "Sample specs 80"
        },
        "price": 17221,
        "image_url": "https://example.com/images/psu-80.jpg",
        "product_url": "https://example.com/products/psu-80"
    },
    {
        "name": "Sample Psu 81",
        "category": "psu",
        "brand": "antec",
        "specs": {
            "detail": "Sample specs 81"
        },
        "price": 45127,
        "image_url": "https://example.com/images/psu-81.jpg",
        "product_url": "https://example.com/products/psu-81"
    },
    {
        "name": "Sample Psu 82",
        "category": "psu",
        "brand": "cooler master",
        "specs": {
            "detail": "Sample specs 82"
        },
        "price": 47350,
        "image_url": "https://example.com/images/psu-82.jpg",
        "product_url": "https://example.com/products/psu-82"
    },
    {
        "name": "Sample Psu 83",
        "category": "psu",
        "brand": "antec",
        "specs": {
            "detail": "Sample specs 83"
        },
        "price": 27394,
        "image_url": "https://example.com/images/psu-83.jpg",
        "product_url": "https://example.com/products/psu-83"
    },
    {
        "name": "Sample Psu 84",
        "category": "psu",
        "brand": "corsair",
        "specs": {
            "detail": "Sample specs 84"
        },
        "price": 15039,
        "image_url": "https://example.com/images/psu-84.jpg",
        "product_url": "https://example.com/products/psu-84"
    },
    {
        "name": "Sample Psu 85",
        "category": "psu",
        "brand": "corsair",
        "specs": {
            "detail": "Sample specs 85"
        },
        "price": 18019,
        "image_url": "https://example.com/images/psu-85.jpg",
        "product_url": "https://example.com/products/psu-85"
    },
    {
        "name": "Sample Psu 86",
        "category": "psu",
        "brand": "antec",
        "specs": {
            "detail": "Sample specs 86"
        },
        "price": 47610,
        "image_url": "https://example.com/images/psu-86.jpg",
        "product_url": "https://example.com/products/psu-86"
    },
    {
        "name": "Sample Psu 87",
        "category": "psu",
        "brand": "antec",
        "specs": {
            "detail": "Sample specs 87"
        },
        "price": 2429,
        "image_url": "https://example.com/images/psu-87.jpg",
        "product_url": "https://example.com/products/psu-87"
    },
    {
        "name": "Sample Psu 88",
        "category": "psu",
        "brand": "antec",
        "specs": {
            "detail": "Sample specs 88"
        },
        "price": 25051,
        "image_url": "https://example.com/images/psu-88.jpg",
        "product_url": "https://example.com/products/psu-88"
    },
    {
        "name": "Sample Psu 89",
        "category": "psu",
        "brand": "cooler master",
        "specs": {
            "detail": "Sample specs 89"
        },
        "price": 5173,
        "image_url": "https://example.com/images/psu-89.jpg",
        "product_url": "https://example.com/products/psu-89"
    },
    {
        "name": "Sample Psu 90",
        "category": "psu",
        "brand": "antec",
        "specs": {
            "detail": "Sample specs 90"
        },
        "price": 13332,
        "image_url": "https://example.com/images/psu-90.jpg",
        "product_url": "https://example.com/products/psu-90"
    },
    {
        "name": "Sample Psu 91",
        "category": "psu",
        "brand": "cooler master",
        "specs": {
            "detail": "Sample specs 91"
        },
        "price": 38018,
        "image_url": "https://example.com/images/psu-91.jpg",
        "product_url": "https://example.com/products/psu-91"
    },
    {
        "name": "Sample Psu 92",
        "category": "psu",
        "brand": "antec",
        "specs": {
            "detail": "Sample specs 92"
        },
        "price": 6139,
        "image_url": "https://example.com/images/psu-92.jpg",
        "product_url": "https://example.com/products/psu-92"
    },
    {
        "name": "Sample Psu 93",
        "category": "psu",
        "brand": "antec",
        "specs": {
            "detail": "Sample specs 93"
        },
        "price": 7017,
        "image_url": "https://example.com/images/psu-93.jpg",
        "product_url": "https://example.com/products/psu-93"
    },
    {
        "name": "Sample Psu 94",
        "category": "psu",
        "brand": "cooler master",
        "specs": {
            "detail": "Sample specs 94"
        },
        "price": 48138,
        "image_url": "https://example.com/images/psu-94.jpg",
        "product_url": "https://example.com/products/psu-94"
    },
    {
        "name": "Sample Psu 95",
        "category": "psu",
        "brand": "corsair",
        "specs": {
            "detail": "Sample specs 95"
        },
        "price": 28153,
        "image_url": "https://example.com/images/psu-95.jpg",
        "product_url": "https://example.com/products/psu-95"
    },
    {
        "name": "Sample Psu 96",
        "category": "psu",
        "brand": "cooler master",
        "specs": {
            "detail": "Sample specs 96"
        },
        "price": 14961,
        "image_url": "https://example.com/images/psu-96.jpg",
        "product_url": "https://example.com/products/psu-96"
    },
    {
        "name": "Sample Psu 97",
        "category": "psu",
        "brand": "antec",
        "specs": {
            "detail": "Sample specs 97"
        },
        "price": 23769,
        "image_url": "https://example.com/images/psu-97.jpg",
        "product_url": "https://example.com/products/psu-97"
    },
    {
        "name": "Sample Psu 98",
        "category": "psu",
        "brand": "cooler master",
        "specs": {
            "detail": "Sample specs 98"
        },
        "price": 30683,
        "image_url": "https://example.com/images/psu-98.jpg",
        "product_url": "https://example.com/products/psu-98"
    },
    {
        "name": "Sample Psu 99",
        "category": "psu",
        "brand": "corsair",
        "specs": {
            "detail": "Sample specs 99"
        },
        "price": 7375,
        "image_url": "https://example.com/images/psu-99.jpg",
        "product_url": "https://example.com/products/psu-99"
    },
    {
        "name": "Sample Psu 100",
        "category": "psu",
        "brand": "corsair",
        "specs": {
            "detail": "Sample specs 100"
        },
        "price": 21164,
        "image_url": "https://example.com/images/psu-100.jpg",
        "product_url": "https://example.com/products/psu-100"
    },
    {
        "name": "Sample Psu 101",
        "category": "psu",
        "brand": "antec",
        "specs": {
            "detail": "Sample specs 101"
        },
        "price": 21419,
        "image_url": "https://example.com/images/psu-101.jpg",
        "product_url": "https://example.com/products/psu-101"
    },
    {
        "name": "Sample Psu 102",
        "category": "psu",
        "brand": "antec",
        "specs": {
            "detail": "Sample specs 102"
        },
        "price": 37923,
        "image_url": "https://example.com/images/psu-102.jpg",
        "product_url": "https://example.com/products/psu-102"
    },
    {
        "name": "Sample Psu 103",
        "category": "psu",
        "brand": "corsair",
        "specs": {
            "detail": "Sample specs 103"
        },
        "price": 25258,
        "image_url": "https://example.com/images/psu-103.jpg",
        "product_url": "https://example.com/products/psu-103"
    },
    {
        "name": "Sample Psu 104",
        "category": "psu",
        "brand": "corsair",
        "specs": {
            "detail": "Sample specs 104"
        },
        "price": 24197,
        "image_url": "https://example.com/images/psu-104.jpg",
        "product_url": "https://example.com/products/psu-104"
    },
    {
        "name": "Sample Psu 105",
        "category": "psu",
        "brand": "corsair",
        "specs": {
            "detail": "Sample specs 105"
        },
        "price": 5305,
        "image_url": "https://example.com/images/psu-105.jpg",
        "product_url": "https://example.com/products/psu-105"
    },
    {
        "name": "Sample Psu 106",
        "category": "psu",
        "brand": "cooler master",
        "specs": {
            "detail": "Sample specs 106"
        },
        "price": 46707,
        "image_url": "https://example.com/images/psu-106.jpg",
        "product_url": "https://example.com/products/psu-106"
    },
    {
        "name": "Sample Psu 107",
        "category": "psu",
        "brand": "corsair",
        "specs": {
            "detail": "Sample specs 107"
        },
        "price": 39852,
        "image_url": "https://example.com/images/psu-107.jpg",
        "product_url": "https://example.com/products/psu-107"
    },
    {
        "name": "Sample Psu 108",
        "category": "psu",
        "brand": "corsair",
        "specs": {
            "detail": "Sample specs 108"
        },
        "price": 20687,
        "image_url": "https://example.com/images/psu-108.jpg",
        "product_url": "https://example.com/products/psu-108"
    },
    {
        "name": "Sample Psu 109",
        "category": "psu",
        "brand": "antec",
        "specs": {
            "detail": "Sample specs 109"
        },
        "price": 17847,
        "image_url": "https://example.com/images/psu-109.jpg",
        "product_url": "https://example.com/products/psu-109"
    },
    {
        "name": "Sample Psu 110",
        "category": "psu",
        "brand": "cooler master",
        "specs": {
            "detail": "Sample specs 110"
        },
        "price": 21153,
        "image_url": "https://example.com/images/psu-110.jpg",
        "product_url": "https://example.com/products/psu-110"
    },
    {
        "name": "Sample Psu 111",
        "category": "psu",
        "brand": "corsair",
        "specs": {
            "detail": "Sample specs 111"
        },
        "price": 17174,
        "image_url": "https://example.com/images/psu-111.jpg",
        "product_url": "https://example.com/products/psu-111"
    },
    {
        "name": "Sample Psu 112",
        "category": "psu",
        "brand": "cooler master",
        "specs": {
            "detail": "Sample specs 112"
        },
        "price": 24157,
        "image_url": "https://example.com/images/psu-112.jpg",
        "product_url": "https://example.com/products/psu-112"
    },
    {
        "name": "Sample Psu 113",
        "category": "psu",
        "brand": "antec",
        "specs": {
            "detail": "Sample specs 113"
        },
        "price": 4721,
        "image_url": "https://example.com/images/psu-113.jpg",
        "product_url": "https://example.com/products/psu-113"
    },
    {
        "name": "Sample Psu 114",
        "category": "psu",
        "brand": "cooler master",
        "specs": {
            "detail": "Sample specs 114"
        },
        "price": 17715,
        "image_url": "https://example.com/images/psu-114.jpg",
        "product_url": "https://example.com/products/psu-114"
    },
    {
        "name": "Sample Psu 115",
        "category": "psu",
        "brand": "corsair",
        "specs": {
            "detail": "Sample specs 115"
        },
        "price": 13560,
        "image_url": "https://example.com/images/psu-115.jpg",
        "product_url": "https://example.com/products/psu-115"
    },
    {
        "name": "Sample Psu 116",
        "category": "psu",
        "brand": "cooler master",
        "specs": {
            "detail": "Sample specs 116"
        },
        "price": 10042,
        "image_url": "https://example.com/images/psu-116.jpg",
        "product_url": "https://example.com/products/psu-116"
    },
    {
        "name": "Sample Psu 117",
        "category": "psu",
        "brand": "corsair",
        "specs": {
            "detail": "Sample specs 117"
        },
        "price": 28549,
        "image_url": "https://example.com/images/psu-117.jpg",
        "product_url": "https://example.com/products/psu-117"
    },
    {
        "name": "Sample Psu 118",
        "category": "psu",
        "brand": "antec",
        "specs": {
            "detail": "Sample specs 118"
        },
        "price": 2101,
        "image_url": "https://example.com/images/psu-118.jpg",
        "product_url": "https://example.com/products/psu-118"
    },
    {
        "name": "Sample Psu 119",
        "category": "psu",
        "brand": "corsair",
        "specs": {
            "detail": "Sample specs 119"
        },
        "price": 8571,
        "image_url": "https://example.com/images/psu-119.jpg",
        "product_url": "https://example.com/products/psu-119"
    },
    {
        "name": "Sample Psu 120",
        "category": "psu",
        "brand": "cooler master",
        "specs": {
            "detail": "Sample specs 120"
        },
        "price": 32606,
        "image_url": "https://example.com/images/psu-120.jpg",
        "product_url": "https://example.com/products/psu-120"
    },
    {
        "name": "Sample Psu 121",
        "category": "psu",
        "brand": "cooler master",
        "specs": {
            "detail": "Sample specs 121"
        },
        "price": 14245,
        "image_url": "https://example.com/images/psu-121.jpg",
        "product_url": "https://example.com/products/psu-121"
    },
    {
        "name": "Sample Psu 122",
        "category": "psu",
        "brand": "cooler master",
        "specs": {
            "detail": "Sample specs 122"
        },
        "price": 33844,
        "image_url": "https://example.com/images/psu-122.jpg",
        "product_url": "https://example.com/products/psu-122"
    },
    {
        "name": "Sample Psu 123",
        "category": "psu",
        "brand": "corsair",
        "specs": {
            "detail": "Sample specs 123"
        },
        "price": 17793,
        "image_url": "https://example.com/images/psu-123.jpg",
        "product_url": "https://example.com/products/psu-123"
    },
    {
        "name": "Sample Psu 124",
        "category": "psu",
        "brand": "cooler master",
        "specs": {
            "detail": "Sample specs 124"
        },
        "price": 32242,
        "image_url": "https://example.com/images/psu-124.jpg",
        "product_url": "https://example.com/products/psu-124"
    },
    {
        "name": "Sample Psu 125",
        "category": "psu",
        "brand": "corsair",
        "specs": {
            "detail": "Sample specs 125"
        },
        "price": 15676,
        "image_url": "https://example.com/images/psu-125.jpg",
        "product_url": "https://example.com/products/psu-125"
    },
    {
        "name": "Sample Psu 126",
        "category": "psu",
        "brand": "cooler master",
        "specs": {
            "detail": "Sample specs 126"
        },
        "price": 31641,
        "image_url": "https://example.com/images/psu-126.jpg",
        "product_url": "https://example.com/products/psu-126"
    },
    {
        "name": "Sample Psu 127",
        "category": "psu",
        "brand": "cooler master",
        "specs": {
            "detail": "Sample specs 127"
        },
        "price": 20706,
        "image_url": "https://example.com/images/psu-127.jpg",
        "product_url": "https://example.com/products/psu-127"
    },
    {
        "name": "Sample Psu 128",
        "category": "psu",
        "brand": "antec",
        "specs": {
            "detail": "Sample specs 128"
        },
        "price": 23470,
        "image_url": "https://example.com/images/psu-128.jpg",
        "product_url": "https://example.com/products/psu-128"
    },
    {
        "name": "Sample Psu 129",
        "category": "psu",
        "brand": "antec",
        "specs": {
            "detail": "Sample specs 129"
        },
        "price": 11681,
        "image_url": "https://example.com/images/psu-129.jpg",
        "product_url": "https://example.com/products/psu-129"
    },
    {
        "name": "Sample Psu 130",
        "category": "psu",
        "brand": "corsair",
        "specs": {
            "detail": "Sample specs 130"
        },
        "price": 2811,
        "image_url": "https://example.com/images/psu-130.jpg",
        "product_url": "https://example.com/products/psu-130"
    },
    {
        "name": "Sample Psu 131",
        "category": "psu",
        "brand": "cooler master",
        "specs": {
            "detail": "Sample specs 131"
        },
        "price": 32497,
        "image_url": "https://example.com/images/psu-131.jpg",
        "product_url": "https://example.com/products/psu-131"
    },
    {
        "name": "Sample Psu 132",
        "category": "psu",
        "brand": "antec",
        "specs": {
            "detail": "Sample specs 132"
        },
        "price": 23889,
        "image_url": "https://example.com/images/psu-132.jpg",
        "product_url": "https://example.com/products/psu-132"
    },
    {
        "name": "Sample Psu 133",
        "category": "psu",
        "brand": "antec",
        "specs": {
            "detail": "Sample specs 133"
        },
        "price": 17901,
        "image_url": "https://example.com/images/psu-133.jpg",
        "product_url": "https://example.com/products/psu-133"
    },
    {
        "name": "Sample Psu 134",
        "category": "psu",
        "brand": "antec",
        "specs": {
            "detail": "Sample specs 134"
        },
        "price": 8471,
        "image_url": "https://example.com/images/psu-134.jpg",
        "product_url": "https://example.com/products/psu-134"
    },
    {
        "name": "Sample Psu 135",
        "category": "psu",
        "brand": "corsair",
        "specs": {
            "detail": "Sample specs 135"
        },
        "price": 31483,
        "image_url": "https://example.com/images/psu-135.jpg",
        "product_url": "https://example.com/products/psu-135"
    },
    {
        "name": "Sample Psu 136",
        "category": "psu",
        "brand": "cooler master",
        "specs": {
            "detail": "Sample specs 136"
        },
        "price": 40859,
        "image_url": "https://example.com/images/psu-136.jpg",
        "product_url": "https://example.com/products/psu-136"
    },
    {
        "name": "Sample Psu 137",
        "category": "psu",
        "brand": "corsair",
        "specs": {
            "detail": "Sample specs 137"
        },
        "price": 17469,
        "image_url": "https://example.com/images/psu-137.jpg",
        "product_url": "https://example.com/products/psu-137"
    },
    {
        "name": "Sample Psu 138",
        "category": "psu",
        "brand": "cooler master",
        "specs": {
            "detail": "Sample specs 138"
        },
        "price": 4109,
        "image_url": "https://example.com/images/psu-138.jpg",
        "product_url": "https://example.com/products/psu-138"
    },
    {
        "name": "Sample Psu 139",
        "category": "psu",
        "brand": "corsair",
        "specs": {
            "detail": "Sample specs 139"
        },
        "price": 37457,
        "image_url": "https://example.com/images/psu-139.jpg",
        "product_url": "https://example.com/products/psu-139"
    },
    {
        "name": "Sample Psu 140",
        "category": "psu",
        "brand": "cooler master",
        "specs": {
            "detail": "Sample specs 140"
        },
        "price": 12897,
        "image_url": "https://example.com/images/psu-140.jpg",
        "product_url": "https://example.com/products/psu-140"
    },
    {
        "name": "Sample Psu 141",
        "category": "psu",
        "brand": "cooler master",
        "specs": {
            "detail": "Sample specs 141"
        },
        "price": 4595,
        "image_url": "https://example.com/images/psu-141.jpg",
        "product_url": "https://example.com/products/psu-141"
    },
    {
        "name": "Sample Psu 142",
        "category": "psu",
        "brand": "cooler master",
        "specs": {
            "detail": "Sample specs 142"
        },
        "price": 25150,
        "image_url": "https://example.com/images/psu-142.jpg",
        "product_url": "https://example.com/products/psu-142"
    },
    {
        "name": "Sample Psu 143",
        "category": "psu",
        "brand": "antec",
        "specs": {
            "detail": "Sample specs 143"
        },
        "price": 19919,
        "image_url": "https://example.com/images/psu-143.jpg",
        "product_url": "https://example.com/products/psu-143"
    },
    {
        "name": "Sample Psu 144",
        "category": "psu",
        "brand": "cooler master",
        "specs": {
            "detail": "Sample specs 144"
        },
        "price": 23312,
        "image_url": "https://example.com/images/psu-144.jpg",
        "product_url": "https://example.com/products/psu-144"
    },
    {
        "name": "Sample Psu 145",
        "category": "psu",
        "brand": "antec",
        "specs": {
            "detail": "Sample specs 145"
        },
        "price": 2503,
        "image_url": "https://example.com/images/psu-145.jpg",
        "product_url": "https://example.com/products/psu-145"
    },
    {
        "name": "Sample Psu 146",
        "category": "psu",
        "brand": "corsair",
        "specs": {
            "detail": "Sample specs 146"
        },
        "price": 31867,
        "image_url": "https://example.com/images/psu-146.jpg",
        "product_url": "https://example.com/products/psu-146"
    },
    {
        "name": "Sample Psu 147",
        "category": "psu",
        "brand": "cooler master",
        "specs": {
            "detail": "Sample specs 147"
        },
        "price": 18565,
        "image_url": "https://example.com/images/psu-147.jpg",
        "product_url": "https://example.com/products/psu-147"
    },
    {
        "name": "Sample Psu 148",
        "category": "psu",
        "brand": "cooler master",
        "specs": {
            "detail": "Sample specs 148"
        },
        "price": 36550,
        "image_url": "https://example.com/images/psu-148.jpg",
        "product_url": "https://example.com/products/psu-148"
    },
    {
        "name": "Sample Psu 149",
        "category": "psu",
        "brand": "corsair",
        "specs": {
            "detail": "Sample specs 149"
        },
        "price": 16020,
        "image_url": "https://example.com/images/psu-149.jpg",
        "product_url": "https://example.com/products/psu-149"
    },
    {
        "name": "Sample Psu 150",
        "category": "psu",
        "brand": "corsair",
        "specs": {
            "detail": "Sample specs 150"
        },
        "price": 27731,
        "image_url": "https://example.com/images/psu-150.jpg",
        "product_url": "https://example.com/products/psu-150"
    }
]