[
    {
        "name": "Sample Ram 1",
        "category": "ram",
        "brand": "g.skill",
        "specs": {
            "detail": "Sample specs 1"
        },
        "price": 6043,
        "image_url": "https://example.com/images/ram-1.jpg",
        "product_url": "https://example.com/products/ram-1"
    },
    {
        "name": "Sample Ram 2",
        "category": "ram",
        "brand": "g.skill",
        "specs": {
            "detail": "Sample specs 2"
        },
        "price": 31601,
        "image_url": "https://example.com/images/ram-2.jpg",
        "product_url": "https://example.com/products/ram-2"
    },
    {
        "name": "Sample Ram 3",
        "category": "ram",
        "brand": "adata",
        "specs": {
            "detail": "Sample specs 3"
        },
        "price": 44580,
        "image_url": "https://example.com/images/ram-3.jpg",
        "product_url": "https://example.com/products/ram-3"
    },
    {
        "name": "Sample Ram 4",
        "category": "ram",
        "brand": "adata",
        "specs": {
            "detail": "Sample specs 4"
        },
        "price": 32258,
        "image_url": "https://example.com/images/ram-4.jpg",
        "product_url": "https://example.com/products/ram-4"
    },
    {
        "name": "Sample Ram 5",
        "category": "ram",
        "brand": "g.skill",
        "specs": {
            "detail": "Sample specs 5"
        },
        "price": 41315,
        "image_url": "https://example.com/images/ram-5.jpg",
        "product_url": "https://example.com/products/ram-5"
    },
    {
        "name": "Sample Ram 6",
        "category": "ram",
        "brand": "corsair",
        "specs": {
            "detail": "Sample specs 6"
        },
        "price": 6225,
        "image_url": "https://example.com/images/ram-6.jpg",
        "product_url": "https://example.com/products/ram-6"
    },
    {
        "name": "Sample Ram 7",
        "category": "ram",
        "brand": "team",
        "specs": {
            "detail": "Sample specs 7"
        },
        "price": 48046,
        "image_url": "https://example.com/images/ram-7.jpg",
        "product_url": "https://example.com/products/ram-7"
    },
    {
        "name": "Sample Ram 8",
        "category": "ram",
        "brand": "g.skill",
        "specs": {
            "detail": "Sample specs 8"
        },
        "price": 10371,
        "image_url": "https://example.com/images/ram-8.jpg",
        "product_url": "https://example.com/products/ram-8"
    },
    {
        "name": "Sample Ram 9",
        "category": "ram",
        "brand": "g.skill",
        "specs": {
            "detail": "Sample specs 9"
        },
        "price": 19570,
        "image_url": "https://example.com/images/ram-9.jpg",
        "product_url": "https://example.com/products/ram-9"
    },
    {
        "name": "Sample Ram 10",
        "category": "ram",
        "brand": "team",
        "specs": {
            "detail": "Sample specs 10"
        },
        "price": 42525,
        "image_url": "https://example.com/images/ram-10.jpg",
        "product_url": "https://example.com/products/ram-10"
    },
    {
        "name": "Sample Ram 11",
        "category": "ram",
        "brand": "corsair",
        "specs": {
            "detail": "Sample specs 11"
        },
        "price": 16433,
        "image_url": "https://example.com/images/ram-11.jpg",
        "product_url": "https://example.com/products/ram-11"
    },
    {
        "name": "Sample Ram 12",
        "category": "ram",
        "brand": "g.skill",
        "specs": {
            "detail": "Sample specs 12"
        },
        "price": 30293,
        "image_url": "https://example.com/images/ram-12.jpg",
        "product_url": "https://example.com/products/ram-12"
    },
    {
        "name": "Sample Ram 13",
        "category": "ram",
        "brand": "adata",
        "specs": {
            "detail": "Sample specs 13"
        },
        "price": 35424,
        "image_url": "https://example.com/images/ram-13.jpg",
        "product_url": "https://example.com/products/ram-13"
    },
    {
        "name": "Sample Ram 14",
        "category": "ram",
        "brand": "adata",
        "specs": {
            "detail": "Sample specs 14"
        },
        "price": 8530,
        "image_url": "https://example.com/images/ram-14.jpg",
        "product_url": "https://example.com/products/ram-14"
    },
    {
        "name": "Sample Ram 15",
        "category": "ram",
        "brand": "corsair",
        "specs": {
            "detail": "Sample specs 15"
        },
        "price": 42450,
        "image_url": "https://example.com/images/ram-15.jpg",
        "product_url": "https://example.com/products/ram-15"
    },
    {
        "name": "Sample Ram 16",
        "category": "ram",
        "brand": "adata",
        "specs": {
            "detail": "Sample specs 16"
        },
        "price": 47154,
        "image_url": "https://example.com/images/ram-16.jpg",
        "product_url": "https://example.com/products/ram-16"
    },
    {
        "name": "Sample Ram 17",
        "category": "ram",
        "brand": "g.skill",
        "specs": {
            "detail": "Sample specs 17"
        },
        "price": 4089,
        "image_url": "https://example.com/images/ram-17.jpg",
        "product_url": "https://example.com/products/ram-17"
    },
    {
        "name": "Sample Ram 18",
        "category": "ram",
        "brand": "g.skill",
        "specs": {
            "detail": "Sample specs 18"
        },
        "price": 26410,
        "image_url": "https://example.com/images/ram-18.jpg",
        "product_url": "https://example.com/products/ram-18"
    },
    {
        "name": "Sample Ram 19",
        "category": "ram",
        "brand": "corsair",
        "specs": {
            "detail": "Sample specs 19"
        },
        "price": 2355,
        "image_url": "https://example.com/images/ram-19.jpg",
        "product_url": "https://example.com/products/ram-19"
    },
    {
        "name": "Sample Ram 20",
        "category": "ram",
        "brand": "team",
        "specs": {
            "detail": "Sample specs 20"
        },
        "price": 25676,
        "image_url": "https://example.com/images/ram-20.jpg",
        "product_url": "https://example.com/products/ram-20"
    },
    {
        "name": "Sample Ram 21",
        "category": "ram",
        "brand": "team",
        "specs": {
            "detail": "Sample specs 21"
        },
        "price": 28703,
        "image_url": "https://example.com/images/ram-21.jpg",
        "product_url": "https://example.com/products/ram-21"
    },
    {
        "name": "Sample Ram 22",
        "category": "ram",
        "brand": "adata",
        "specs": {
            "detail": "Sample specs 22"
        },
        "price": 28258,
        "image_url": "https://example.com/images/ram-22.jpg",
        "product_url": "https://example.com/products/ram-22"
    },
    {
        "name": "Sample Ram 23",
        "category": "ram",
        "brand": "team",
        "specs": {
            "detail": "Sample specs 23"
        },
        "price": 47359,
        "image_url": "https://example.com/images/ram-23.jpg",
        "product_url": "https://example.com/products/ram-23"
    },
    {
        "name": "Sample Ram 24",
        "category": "ram",
        "brand": "corsair",
        "specs": {
            "detail": "Sample specs 24"
        },
        "price": 36811,
        "image_url": "https://example.com/images/ram-24.jpg",
        "product_url": "https://example.com/products/ram-24"
    },
    {
        "name": "Sample Ram 25",
        "category": "ram",
        "brand": "adata",
        "specs": {
            "detail": "Sample specs 25"
        },
        "price": 13510,
        "image_url": "https://example.com/images/ram-25.jpg",
        "product_url": "https://example.com/products/ram-25"
    },
    {
        "name": "Sample Ram 26",
        "category": "ram",
        "brand": "team",
        "specs": {
            "detail": "Sample specs 26"
        },
        "price": 16310,
        "image_url": "https://example.com/images/ram-26.jpg",
        "product_url": "https://example.com/products/ram-26"
    },
    {
        "name": "Sample Ram 27",
        "category": "ram",
        "brand": "corsair",
        "specs": {
            "detail": "Sample specs 27"
        },
        "price": 40207,
        "image_url": "https://example.com/images/ram-27.jpg",
        "product_url": "https://example.com/products/ram-27"
    },
    {
        "name": "Sample Ram 28",
        "category": "ram",
        "brand": "g.skill",
        "specs": {
            "detail": "Sample specs 28"
        },
        "price": 11651,
        "image_url": "https://example.com/images/ram-28.jpg",
        "product_url": "https://example.com/products/ram-28"
    },
    {
        "name": "Sample Ram 29",
        "category": "ram",
        "brand": "corsair",
        "specs": {
            "detail": "Sample specs 29"
        },
        "price": 32319,
        "image_url": "https://example.com/images/ram-29.jpg",
        "product_url": "https://example.com/products/ram-29"
    },
    {
        "name": "Sample Ram 30",
        "category": "ram",
        "brand": "g.skill",
        "specs": {
            "detail": "Sample specs 30"
        },
        "price": 44610,
        "image_url": "https://example.com/images/ram-30.jpg",
        "product_url": "https://example.com/products/ram-30"
    },
    {
        "name": "Sample Ram 31",
        "category": "ram",
        "brand": "corsair",
        "specs": {
            "detail": "Sample specs 31"
        },
        "price": 11238,
        "image_url": "https://example.com/images/ram-31.jpg",
        "product_url": "https://example.com/products/ram-31"
    },
    {
        "name": "Sample Ram 32",
        "category": "ram",
        "brand": "adata",
        "specs": {
            "detail": "Sample specs 32"
        },
        "price": 3655,
        "image_url": "https://example.com/images/ram-32.jpg",
        "product_url": "https://example.com/products/ram-32"
    },
    {
        "name": "Sample Ram 33",
        "category": "ram",
        "brand": "team",
        "specs": {
            "detail": "Sample specs 33"
        },
        "price": 2619,
        "image_url": "https://example.com/images/ram-33.jpg",
        "product_url": "https://example.com/products/ram-33"
    },
    {
        "name": "Sample Ram 34",
        "category": "ram",
        "brand": "g.skill",
        "specs": {
            "detail": "Sample specs 34"
        },
        "price": 28707,
        "image_url": "https://example.com/images/ram-34.jpg",
        "product_url": "https://example.com/products/ram-34"
    },
    {
        "name": "Sample Ram 35",
        "category": "ram",
        "brand": "g.skill",
        "specs": {
            "detail": "Sample specs 35"
        },
        "price": 4280,
        "image_url": "https://example.com/images/ram-35.jpg",
        "product_url": "https://example.com/products/ram-35"
    },
    {
        "name": "Sample Ram 36",
        "category": "ram",
        "brand": "adata",
        "specs": {
            "detail": "Sample specs 36"
        },
        "price": 33191,
        "image_url": "https://example.com/images/ram-36.jpg",
        "product_url": "https://example.com/products/ram-36"
    },
    {
        "name": "Sample Ram 37",
        "category": "ram",
        "brand": "adata",
        "specs": {
            "detail": "Sample specs 37"
        },
        "price": 21642,
        "image_url": "https://example.com/images/ram-37.jpg",
        "product_url": "https://example.com/products/ram-37"
    },
    {
        "name": "Sample Ram 38",
        "category": "ram",
        "brand": "team",
        "specs": {
            "detail": "Sample specs 38"
        },
        "price": 29419,
        "image_url": "https://example.com/images/ram-38.jpg",
        "product_url": "https://example.com/products/ram-38"
    },
    {
        "name": "Sample Ram 39",
        "category": "ram",
        "brand": "g.skill",
        "specs": {
            "detail": "Sample specs 39"
        },
        "price": 20756,
        "image_url": "https://example.com/images/ram-39.jpg",
        "product_url": "https://example.com/products/ram-39"
    },
    {
        "name": "Sample Ram 40",
        "category": "ram",
        "brand": "team",
        "specs": {
            "detail": "Sample specs 40"
        },
        "price": 4595,
        "image_url": "https://example.com/images/ram-40.jpg",
        "product_url": "https://example.com/products/ram-40"
    },
    {
        "name": "Sample Ram 41",
        "category": "ram",
        "brand": "team",
        "specs": {
            "detail": "Sample specs 41"
        },
        "price": 16491,
        "image_url": "https://example.com/images/ram-41.jpg",
        "product_url": "https://example.com/products/ram-41"
    },
    {
        "name": "Sample Ram 42",
        "category": "ram",
        "brand": "team",
        "specs": {
            "detail": "Sample specs 42"
        },
        "price": 8842,
        "image_url": "https://example.com/images/ram-42.jpg",
        "product_url": "https://example.com/products/ram-42"
    },
    {
        "name": "Sample Ram 43",
        "category": "ram",
        "brand": "corsair",
        "specs": {
            "detail": "Sample specs 43"
        },
        "price": 37509,
        "image_url": "https://example.com/images/ram-43.jpg",
        "product_url": "https://example.com/products/ram-43"
    },
    {
        "name": "Sample Ram 44",
        "category": "ram",
        "brand": "g.skill",
        "specs": {
            "detail": "Sample specs 44"
        },
        "price": 40981,
        "image_url": "https://example.com/images/ram-44.jpg",
        "product_url": "https://example.com/products/ram-44"
    },
    {
        "name": "Sample Ram 45",
        "category": "ram",
        "brand": "corsair",
        "specs": {
            "detail": "Sample specs 45"
        },
        "price": 3174,
        "image_url": "https://example.com/images/ram-45.jpg",
        "product_url": "https://example.com/products/ram-45"
    },
    {
        "name": "Sample Ram 46",
        "category": "ram",
        "brand": "g.skill",
        "specs": {
            "detail": "Sample specs 46"
        },
        "price": 29281,
        "image_url": "https://example.com/images/ram-46.jpg",
        "product_url": "https://example.com/products/ram-46"
    },
    {
        "name": "Sample Ram 47",
        "category": "ram",
        "brand": "team",
        "specs": {
            "detail": "Sample specs 47"
        },
        "price": 5601,
        "image_url": "https://example.com/images/ram-47.jpg",
        "product_url": "https://example.com/products/ram-47"
    },
    {
        "name": "Sample Ram 48",
        "category": "ram",
        "brand": "corsair",
        "specs": {
            "detail": "Sample specs 48"
        },
        "price": 9369,
        "image_url": "https://example.com/images/ram-48.jpg",
        "product_url": "https://example.com/products/ram-48"
    },
    {
        "name": "Sample Ram 49",
        "category": "ram",
        "brand": "g.skill",
        "specs": {
            "detail": "Sample specs 49"
        },
        "price": 26513,
        "image_url": "https://example.com/images/ram-49.jpg",
        "product_url": "https://example.com/products/ram-49"
    },
    {
        "name": "Sample Ram 50",
        "category": "ram",
        "brand": "corsair",
        "specs": {
            "detail": "Sample specs 50"
        },
        "price": 29935,
        "image_url": "https://example.com/images/ram-50.jpg",
        "product_url": "https://example.com/products/ram-50"
    },
    {
        "name": "Sample Ram 51",
        "category": "ram",
        "brand": "team",
        "specs": {
            "detail": "Sample specs 51"
        },
        "price": 38316,
        "image_url": "https://example.com/images/ram-51.jpg",
        "product_url": "https://example.com/products/ram-51"
    },
    {
        "name": "Sample Ram 52",
        "category": "ram",
        "brand": "team",
        "specs": {
            "detail": "Sample specs 52"
        },
        "price": 43209,
        "image_url": "https://example.com/images/ram-52.jpg",
        "product_url": "https://example.com/products/ram-52"
    },
    {
        "name": "Sample Ram 53",
        "category": "ram",
        "brand": "adata",
        "specs": {
            "detail": "Sample specs 53"
        },
        "price": 14838,
        "image_url": "https://example.com/images/ram-53.jpg",
        "product_url": "https://example.com/products/ram-53"
    },
    {
        "name": "Sample Ram 54",
        "category": "ram",
        "brand": "adata",
        "specs": {
            "detail": "Sample specs 54"
        },
        "price": 43307,
        "image_url": "https://example.com/images/ram-54.jpg",
        "product_url": "https://example.com/products/ram-54"
    },
    {
        "name": "Sample Ram 55",
        "category": "ram",
        "brand": "team",
        "specs": {
            "detail": "Sample specs 55"
        },
        "price": 10908,
        "image_url": "https://example.com/images/ram-55.jpg",
        "product_url": "https://example.com/products/ram-55"
    },
    {
        "name": "Sample Ram 56",
        "category": "ram",
        "brand": "team",
        "specs": {
            "detail": "Sample specs 56"
        },
        "price": 30966,
        "image_url": "https://example.com/images/ram-56.jpg",
        "product_url": "https://example.com/products/ram-56"
    },
    {
        "name": "Sample Ram 57",
        "category": "ram",
        "brand": "g.skill",
        "specs": {
            "detail": "Sample specs 57"
        },
        "price": 18971,
        "image_url": "https://example.com/images/ram-57.jpg",
        "product_url": "https://example.com/products/ram-57"
    },
    {
        "name": "Sample Ram 58",
        "category": "ram",
        "brand": "corsair",
        "specs": {
            "detail": "Sample specs 58"
        },
        "price": 17265,
        "image_url": "https://example.com/images/ram-58.jpg",
        "product_url": "https://example.com/products/ram-58"
    },
    {
        "name": "Sample Ram 59",
        "category": "ram",
        "brand": "adata",
        "specs": {
            "detail": "Sample specs 59"
        },
        "price": 10801,
        "image_url": "https://example.com/images/ram-59.jpg",
        "product_url": "https://example.com/products/ram-59"
    },
    {
        "name": "Sample Ram 60",
        "category": "ram",
        "brand": "g.skill",
        "specs": {
            "detail": "Sample specs 60"
        },
        "price": 13037,
        "image_url": "https://example.com/images/ram-60.jpg",
        "product_url": "https://example.com/products/ram-60"
    },
    {
        "name": "Sample Ram 61",
        "category": "ram",
        "brand": "adata",
        "specs": {
            "detail": "Sample specs 61"
        },
        "price": 44943,
        "image_url": "https://example.com/images/ram-61.jpg",
        "product_url": "https://example.com/products/ram-61"
    },
    {
        "name": "Sample Ram 62",
        "category": "ram",
        "brand": "team",
        "specs": {
            "detail": "Sample specs 62"
        },
        "price": 10115,
        "image_url": "https://example.com/images/ram-62.jpg",
        "product_url": "https://example.com/products/ram-62"
    },
    {
        "name": "Sample Ram 63",
        "category": "ram",
        "brand": "team",
        "specs": {
            "detail": "Sample specs 63"
        },
        "price": 22331,
        "image_url": "https://example.com/images/ram-63.jpg",
        "product_url": "https://example.com/products/ram-63"
    },
    {
        "name": "Sample Ram 64",
        "category": "ram",
        "brand": "team",
        "specs": {
            "detail": "Sample specs 64"
        },
        "price": 26881,
        "image_url": "https://example.com/images/ram-64.jpg",
        "product_url": "https://example.com/products/ram-64"
    },
    {
        "name": "Sample Ram 65",
        "category": "ram",
        "brand": "corsair",
        "specs": {
            "detail": "Sample specs 65"
        },
        "price": 41114,
        "image_url": "https://example.com/images/ram-65.jpg",
        "product_url": "https://example.com/products/ram-65"
    },
    {
        "name": "Sample Ram 66",
        "category": "ram",
        "brand": "team",
        "specs": {
            "detail": "Sample specs 66"
        },
        "price": 10942,
        "image_url": "https://example.com/images/ram-66.jpg",
        "product_url": "https://example.com/products/ram-66"
    },
    {
        "name": "Sample Ram 67",
        "category": "ram",
        "brand": "adata",
        "specs": {
            "detail": "Sample specs 67"
        },
        "price": 33468,
        "image_url": "https://example.com/images/ram-67.jpg",
        "product_url": "https://example.com/products/ram-67"
    },
    {
        "name": "Sample Ram 68",
        "category": "ram",
        "brand": "adata",
        "specs": {
            "detail": "Sample specs 68"
        },
        "price": 20228,
        "image_url": "https://example.com/images/ram-68.jpg",
        "product_url": "https://example.com/products/ram-68"
    },
    {
        "name": "Sample Ram 69",
        "category": "ram",
        "brand": "corsair",
        "specs": {
            "detail": "Sample specs 69"
        },
        "price": 38686,
        "image_url": "https://example.com/images/ram-69.jpg",
        "product_url": "https://example.com/products/ram-69"
    },
    {
        "name": "Sample Ram 70",
        "category": "ram",
        "brand": "adata",
        "specs": {
            "detail": "Sample specs 70"
        },
        "price": 36282,
        "image_url": "https://example.com/images/ram-70.jpg",
        "product_url": "https://example.com/products/ram-70"
    },
    {
        "name": "Sample Ram 71",
        "category": "ram",
        "brand": "adata",
        "specs": {
            "detail": "Sample specs 71"
        },
        "price": 47161,
        "image_url": "https://example.com/images/ram-71.jpg",
        "product_url": "https://example.com/products/ram-71"
    },
    {
        "name": "Sample Ram 72",
        "category": "ram",
        "brand": "g.skill",
        "specs": {
            "detail": "Sample specs 72"
        },
        "price": 3961,
        "image_url": "https://example.com/images/ram-72.jpg",
        "product_url": "https://example.com/products/ram-72"
    },
    {
        "name": "Sample Ram 73",
        "category": "ram",
        "brand": "corsair",
        "specs": {
            "detail": "Sample specs 73"
        },
        "price": 20168,
        "image_url": "https://example.com/images/ram-73.jpg",
        "product_url": "https://example.com/products/ram-73"
    },
    {
        "name": "Sample Ram 74",
        "category": "ram",
        "brand": "g.skill",
        "specs": {
            "detail": "Sample specs 74"
        },
        "price": 46308,
        "image_url": "https://example.com/images/ram-74.jpg",
        "product_url": "https://example.com/products/ram-74"
    },
    {
        "name": "Sample Ram 75",
        "category": "ram",
        "brand": "g.skill",
        "specs": {
            "detail": "Sample specs 75"
        },
        "price": 36305,
        "image_url": "https://example.com/images/ram-75.jpg",
        "product_url": "https://example.com/products/ram-75"
    },
    {
        "name": "Sample Ram 76",
        "category": "ram",
        "brand": "team",
        "specs": {
            "detail": "Sample specs 76"
        },
        "price": 13148,
        "image_url": "https://example.com/images/ram-76.jpg",
        "product_url": "https://example.com/products/ram-76"
    },
    {
        "name": "Sample Ram 77",
        "category": "ram",
        "brand": "g.skill",
        "specs": {
            "detail": "Sample specs 77"
        },
        "price": 16026,
        "image_url": "https://example.com/images/ram-77.jpg",
        "product_url": "https://example.com/products/ram-77"
    },
    {
        "name": "Sample Ram 78",
        "category": "ram",
        "brand": "g.skill",
        "specs": {
            "detail": "Sample specs 78"
        },
        "price": 12133,
        "image_url": "https://example.com/images/ram-78.jpg",
        "product_url": "https://example.com/products/ram-78"
    },
    {
        "name": "Sample Ram 79",
        "category": "ram",
        "brand": "adata",
        "specs": {
            "detail": "Sample specs 79"
        },
        "price": 8815,
        "image_url": "https://example.com/images/ram-79.jpg",
        "product_url": "https://example.com/products/ram-79"
    },
    {
        "name": "Sample Ram 80",
        "category": "ram",
        "brand": "corsair",
        "specs": {
            "detail": "Sample specs 80"
        },
        "price": 42174,
        "image_url": "https://example.com/images/ram-80.jpg",
        "product_url": "https://example.com/products/ram-80"
    },
    {
        "name": "Sample Ram 81",
        "category": "ram",
        "brand": "g.skill",
        "specs": {
            "detail": "Sample specs 81"
        },
        "price": 2218,
        "image_url": "https://example.com/images/ram-81.jpg",
        "product_url": "https://example.com/products/ram-81"
    },
    {
        "name": "Sample Ram 82",
        "category": "ram",
        "brand": "adata",
        "specs": {
            "detail": "Sample specs 82"
        },
        "price": 32814,
        "image_url": "https://example.com/images/ram-82.jpg",
        "product_url": "https://example.com/products/ram-82"
    },
    {
        "name": "Sample Ram 83",
        "category": "ram",
        "brand": "g.skill",
        "specs": {
            "detail": "Sample specs 83"
        },
        "price": 8473,
        "image_url": "https://example.com/images/ram-83.jpg",
        "product_url": "https://example.com/products/ram-83"
    },
    {
        "name": "Sample Ram 84",
        "category": "ram",
        "brand": "corsair",
        "specs": {
            "detail": "Sample specs 84"
        },
        "price": 23395,
        "image_url": "https://example.com/images/ram-84.jpg",
        "product_url": "https://example.com/products/ram-84"
    },
    {
        "name": "Sample Ram 85",
        "category": "ram",
        "brand": "adata",
        "specs": {
            "detail": "Sample specs 85"
        },
        "price": 6773,
        "image_url": "https://example.com/images/ram-85.jpg",
        "product_url": "https://example.com/products/ram-85"
    },
    {
        "name": "Sample Ram 86",
        "category": "ram",
        "brand": "team",
        "specs": {
            "detail": "Sample specs 86"
        },
        "price": 9262,
        "image_url": "https://example.com/images/ram-86.jpg",
        "product_url": "https://example.com/products/ram-86"
    },
    {
        "name": "Sample Ram 87",
        "category": "ram",
        "brand": "g.skill",
        "specs": {
            "detail": "Sample specs 87"
        },
        "price": 28439,
        "image_url": "https://example.com/images/ram-87.jpg",
        "product_url": "https://example.com/products/ram-87"
    },
    {
        "name": "Sample Ram 88",
        "category": "ram",
        "brand": "g.skill",
        "specs": {
            "detail": "Sample specs 88"
        },
        "price": 19277,
        "image_url": "https://example.com/images/ram-88.jpg",
        "product_url": "https://example.com/products/ram-88"
    },
    {
        "name": "Sample Ram 89",
        "category": "ram",
        "brand": "team",
        "specs": {
            "detail": "Sample specs 89"
        },
        "price": 28010,
        "image_url": "https://example.com/images/ram-89.jpg",
        "product_url": "https://example.com/products/ram-89"
    },
    {
        "name": "Sample Ram 90",
        "category": "ram",
        "brand": "g.skill",
        "specs": {
            "detail": "Sample specs 90"
        },
        "price": 17797,
        "image_url": "https://example.com/images/ram-90.jpg",
        "product_url": "https://example.com/products/ram-90"
    },
    {
        "name": "Sample Ram 91",
        "category": "ram",
        "brand": "adata",
        "specs": {
            "detail": "Sample specs 91"
        },
        "price": 12124,
        "image_url": "https://example.com/images/ram-91.jpg",
        "product_url": "https://example.com/products/ram-91"
    },
    {
        "name": "Sample Ram 92",
        "category": "ram",
        "brand": "g.skill",
        "specs": {
            "detail": "Sample specs 92"
        },
        "price": 17264,
        "image_url": "https://example.com/images/ram-92.jpg",
        "product_url": "https://example.com/products/ram-92"
    },
    {
        "name": "Sample Ram 93",
        "category": "ram",
        "brand": "team",
        "specs": {
            "detail": "Sample specs 93"
        },
        "price": 5961,
        "image_url": "https://example.com/images/ram-93.jpg",
        "product_url": "https://example.com/products/ram-93"
    },
    {
        "name": "Sample Ram 94",
        "category": "ram",
        "brand": "team",
        "specs": {
            "detail": "Sample specs 94"
        },
        "price": 49365,
        "image_url": "https://example.com/images/ram-94.jpg",
        "product_url": "https://example.com/products/ram-94"
    },
    {
        "name": "Sample Ram 95",
        "category": "ram",
        "brand": "team",
        "specs": {
            "detail": "Sample specs 95"
        },
        "price": 3345,
        "image_url": "https://example.com/images/ram-95.jpg",
        "product_url": "https://example.com/products/ram-95"
    },
    {
        "name": "Sample Ram 96",
        "category": "ram",
        "brand": "corsair",
        "specs": {
            "detail": "Sample specs 96"
        },
        "price": 37438,
        "image_url": "https://example.com/images/ram-96.jpg",
        "product_url": "https://example.com/products/ram-96"
    },
    {
        "name": "Sample Ram 97",
        "category": "ram",
        "brand": "corsair",
        "specs": {
            "detail": "Sample specs 97"
        },
        "price": 12525,
        "image_url": "https://example.com/images/ram-97.jpg",
        "product_url": "https://example.com/products/ram-97"
    },
    {
        "name": "Sample Ram 98",
        "category": "ram",
        "brand": "corsair",
        "specs": {
            "detail": "Sample specs 98"
        },
        "price": 31680,
        "image_url": "https://example.com/images/ram-98.jpg",
        "product_url": "https://example.com/products/ram-98"
    },
    {
        "name": "Sample Ram 99",
        "category": "ram",
        "brand": "corsair",
        "specs": {
            "detail": "Sample specs 99"
        },
        "price": 8983,
        "image_url": "https://example.com/images/ram-99.jpg",
        "product_url": "https://example.com/products/ram-99"
    },
    {
        "name": "Sample Ram 100",
        "category": "ram",
        "brand": "team",
        "specs": {
            "detail": "Sample specs 100"
        },
        "price": 27219,
        "image_url": "https://example.com/images/ram-100.jpg",
        "product_url": "https://example.com/products/ram-100"
    },
    {
        "name": "Sample Ram 101",
        "category": "ram",
        "brand": "corsair",
        "specs": {
            "detail": "Sample specs 101"
        },
        "price": 7671,
        "image_url": "https://example.com/images/ram-101.jpg",
        "product_url": "https://example.com/products/ram-101"
    },
    {
        "name": "Sample Ram 102",
        "category": "ram",
        "brand": "g.skill",
        "specs": {
            "detail": "Sample specs 102"
        },
        "price": 8473,
        "image_url": "https://example.com/images/ram-102.jpg",
        "product_url": "https://example.com/products/ram-102"
    },
    {
        "name": "Sample Ram 103",
        "category": "ram",
        "brand": "corsair",
        "specs": {
            "detail": "Sample specs 103"
        },
        "price": 43304,
        "image_url": "https://example.com/images/ram-103.jpg",
        "product_url": "https://example.com/products/ram-103"
    },
    {
        "name": "Sample Ram 104",
        "category": "ram",
        "brand": "team",
        "specs": {
            "detail": "Sample specs 104"
        },
        "price": 17243,
        "image_url": "https://example.com/images/ram-104.jpg",
        "product_url": "https://example.com/products/ram-104"
    },
    {
        "name": "Sample Ram 105",
        "category": "ram",
        "brand": "team",
        "specs": {
            "detail": "Sample specs 105"
        },
        "price": 11304,
        "image_url": "https://example.com/images/ram-105.jpg",
        "product_url": "https://example.com/products/ram-105"
    },
    {
        "name": "Sample Ram 106",
        "category": "ram",
        "brand": "g.skill",
        "specs": {
            "detail": "Sample specs 106"
        },
        "price": 17769,
        "image_url": "https://example.com/images/ram-106.jpg",
        "product_url": "https://example.com/products/ram-106"
    },
    {
        "name": "Sample Ram 107",
        "category": "ram",
        "brand": "g.skill",
        "specs": {
            "detail": "Sample specs 107"
        },
        "price": 48112,
        "image_url": "https://example.com/images/ram-107.jpg",
        "product_url": "https://example.com/products/ram-107"
    },
    {
        "name": "Sample Ram 108",
        "category": "ram",
        "brand": "adata",
        "specs": {
            "detail": "Sample specs 108"
        },
        "price": 29474,
        "image_url": "https://example.com/images/ram-108.jpg",
        "product_url": "https://example.com/products/ram-108"
    },
    {
        "name": "Sample Ram 109",
        "category": "ram",
        "brand": "corsair",
        "specs": {
            "detail": "Sample specs 109"
        },
        "price": 31746,
        "image_url": "https://example.com/images/ram-109.jpg",
        "product_url": "https://example.com/products/ram-109"
    },
    {
        "name": "Sample Ram 110",
        "category": "ram",
        "brand": "corsair",
        "specs": {
            "detail": "Sample specs 110"
        },
        "price": 17036,
        "image_url": "https://example.com/images/ram-110.jpg",
        "product_url": "https://example.com/products/ram-110"
    },
    {
        "name": "Sample Ram 111",
        "category": "ram",
        "brand": "adata",
        "specs": {
            "detail": "Sample specs 111"
        },
        "price": 37670,
        "image_url": "https://example.com/images/ram-111.jpg",
        "product_url": "https://example.com/products/ram-111"
    },
    {
        "name": "Sample Ram 112",
        "category": "ram",
        "brand": "g.skill",
        "specs": {
            "detail": "Sample specs 112"
        },
        "price": 46885,
        "image_url": "https://example.com/images/ram-112.jpg",
        "product_url": "https://example.com/products/ram-112"
    },
    {
        "name": "Sample Ram 113",
        "category": "ram",
        "brand": "corsair",
        "specs": {
            "detail": "Sample specs 113"
        },
        "price": 2964,
        "image_url": "https://example.com/images/ram-113.jpg",
        "product_url": "https://example.com/products/ram-113"
    },
    {
        "name": "Sample Ram 114",
        "category": "ram",
        "brand": "adata",
        "specs": {
            "detail": "Sample specs 114"
        },
        "price": 8902,
        "image_url": "https://example.com/images/ram-114.jpg",
        "product_url": "https://example.com/products/ram-114"
    },
    {
        "name": "Sample Ram 115",
        "category": "ram",
        "brand": "adata",
        "specs": {
            "detail": "Sample specs 115"
        },
        "price": 43940,
        "image_url": "https://example.com/images/ram-115.jpg",
        "product_url": "https://example.com/products/ram-115"
    },
    {
        "name": "Sample Ram 116",
        "category": "ram",
        "brand": "adata",
        "specs": {
            "detail": "Sample specs 116"
        },
        "price": 10121,
        "image_url": "https://example.com/images/ram-116.jpg",
        "product_url": "https://example.com/products/ram-116"
    },
    {
        "name": "Sample Ram 117",
        "category": "ram",
        "brand": "adata",
        "specs": {
            "detail": "Sample specs 117"
        },
        "price": 41408,
        "image_url": "https://example.com/images/ram-117.jpg",
        "product_url": "https://example.com/products/ram-117"
    },
    {
        "name": "Sample Ram 118",
        "category": "ram",
        "brand": "team",
        "specs": {
            "detail": "Sample specs 118"
        },
        "price": 8891,
        "image_url": "https://example.com/images/ram-118.jpg",
        "product_url": "https://example.com/products/ram-118"
    },
    {
        "name": "Sample Ram 119",
        "category": "ram",
        "brand": "adata",
        "specs": {
            "detail": "Sample specs 119"
        },
        "price": 37173,
        "image_url": "https://example.com/images/ram-119.jpg",
        "product_url": "https://example.com/products/ram-119"
    },
    {
        "name": "Sample Ram 120",
        "category": "ram",
        "brand": "adata",
        "specs": {
            "detail": "Sample specs 120"
        },
        "price": 32353,
        "image_url": "https://example.com/images/ram-120.jpg",
        "product_url": "https://example.com/products/ram-120"
    },
    {
        "name": "Sample Ram 121",
        "category": "ram",
        "brand": "g.skill",
        "specs": {
            "detail": "Sample specs 121"
        },
        "price": 18924,
        "image_url": "https://example.com/images/ram-121.jpg",
        "product_url": "https://example.com/products/ram-121"
    },
    {
        "name": "Sample Ram 122",
        "category": "ram",
        "brand": "g.skill",
        "specs": {
            "detail": "Sample specs 122"
        },
        "price": 34888,
        "image_url": "https://example.com/images/ram-122.jpg",
        "product_url": "https://example.com/products/ram-122"
    },
    {
        "name": "Sample Ram 123",
        "category": "ram",
        "brand": "team",
        "specs": {
            "detail": "Sample specs 123"
        },
        "price": 38806,
        "image_url": "https://example.com/images/ram-123.jpg",
        "product_url": "https://example.com/products/ram-123"
    },
    {
        "name": "Sample Ram 124",
        "category": "ram",
        "brand": "adata",
        "specs": {
            "detail": "Sample specs 124"
        },
        "price": 44485,
        "image_url": "https://example.com/images/ram-124.jpg",
        "product_url": "https://example.com/products/ram-124"
    },
    {
        "name": "Sample Ram 125",
        "category": "ram",
        "brand": "team",
        "specs": {
            "detail": "Sample specs 125"
        },
        "price": 13960,
        "image_url": "https://example.com/images/ram-125.jpg",
        "product_url": "https://example.com/products/ram-125"
    },
    {
        "name": "Sample Ram 126",
        "category": "ram",
        "brand": "team",
        "specs": {
            "detail": "Sample specs 126"
        },
        "price": 38332,
        "image_url": "https://example.com/images/ram-126.jpg",
        "product_url": "https://example.com/products/ram-126"
    },
    {
        "name": "Sample Ram 127",
        "category": "ram",
        "brand": "corsair",
        "specs": {
            "detail": "Sample specs 127"
        },
        "price": 34558,
        "image_url": "https://example.com/images/ram-127.jpg",
        "product_url": "https://example.com/products/ram-127"
    },
    {
        "name": "Sample Ram 128",
        "category": "ram",
        "brand": "adata",
        "specs": {
            "detail": "Sample specs 128"
        },
        "price": 21346,
        "image_url": "https://example.com/images/ram-128.jpg",
        "product_url": "https://example.com/products/ram-128"
    },
    {
        "name": "Sample Ram 129",
        "category": "ram",
        "brand": "g.skill",
        "specs": {
            "detail": "Sample specs 129"
        },
        "price": 37666,
        "image_url": "https://example.com/images/ram-129.jpg",
        "product_url": "https://example.com/products/ram-129"
    },
    {
        "name": "Sample Ram 130",
        "category": "ram",
        "brand": "adata",
        "specs": {
            "detail": "Sample specs 130"
        },
        "price": 5051,
        "image_url": "https://example.com/images/ram-130.jpg",
        "product_url": "https://example.com/products/ram-130"
    },
    {
        "name": "Sample Ram 131",
        "category": "ram",
        "brand": "g.skill",
        "specs": {
            "detail": "Sample specs 131"
        },
        "price": 27676,
        "image_url": "https://example.com/images/ram-131.jpg",
        "product_url": "https://example.com/products/ram-131"
    },
    {
        "name": "Sample Ram 132",
        "category": "ram",
        "brand": "adata",
        "specs": {
            "detail": "Sample specs 132"
        },
        "price": 42553,
        "image_url": "https://example.com/images/ram-132.jpg",
        "product_url": "https://example.com/products/ram-132"
    },
    {
        "name": "Sample Ram 133",
        "category": "ram",
        "brand": "adata",
        "specs": {
            "detail": "Sample specs 133"
        },
        "price": 24522,
        "image_url": "https://example.com/images/ram-133.jpg",
        "product_url": "https://example.com/products/ram-133"
    },
    {
        "name": "Sample Ram 134",
        "category": "ram",
        "brand": "adata",
        "specs": {
            "detail": "Sample specs 134"
        },
        "price": 41017,
        "image_url": "https://example.com/images/ram-134.jpg",
        "product_url": "https://example.com/products/ram-134"
    },
    {
        "name": "Sample Ram 135",
        "category": "ram",
        "brand": "g.skill",
        "specs": {
            "detail": "Sample specs 135"
        },
        "price": 18944,
        "image_url": "https://example.com/images/ram-135.jpg",
        "product_url": "https://example.com/products/ram-135"
    },
    {
        "name": "Sample Ram 136",
        "category": "ram",
        "brand": "corsair",
        "specs": {
            "detail": "Sample specs 136"
        },
        "price": 47720,
        "image_url": "https://example.com/images/ram-136.jpg",
        "product_url": "https://example.com/products/ram-136"
    },
    {
        "name": "Sample Ram 137",
        "category": "ram",
        "brand": "g.skill",
        "specs": {
            "detail": "Sample specs 137"
        },
        "price": 49449,
        "image_url": "https://example.com/images/ram-137.jpg",
        "product_url": "https://example.com/products/ram-137"
    },
    {
        "name": "Sample Ram 138",
        "category": "ram",
        "brand": "corsair",
        "specs": {
            "detail": "Sample specs 138"
        },
        "price": 35670,
        "image_url": "https://example.com/images/ram-138.jpg",
        "product_url": "https://example.com/products/ram-138"
    },
    {
        "name": "Sample Ram 139",
        "category": "ram",
        "brand": "team",
        "specs": {
            "detail": "Sample specs 139"
        },
        "price": 48689,
        "image_url": "https://example.com/images/ram-139.jpg",
        "product_url": "https://example.com/products/ram-139"
    },
    {
        "name": "Sample Ram 140",
        "category": "ram",
        "brand": "g.skill",
        "specs": {
            "detail": "Sample specs 140"
        },
        "price": 15108,
        "image_url": "https://example.com/images/ram-140.jpg",
        "product_url": "https://example.com/products/ram-140"
    },
    {
        "name": "Sample Ram 141",
        "category": "ram",
        "brand": "team",
        "specs": {
            "detail": "Sample specs 141"
        },
        "price": 38570,
        "image_url": "https://example.com/images/ram-141.jpg",
        "product_url": "https://example.com/products/ram-141"
    },
    {
        "name": "Sample Ram 142",
        "category": "ram",
        "brand": "team",
        "specs": {
            "detail": "Sample specs 142"
        },
        "price": 5773,
        "image_url": "https://example.com/images/ram-142.jpg",
        "product_url": "https://example.com/products/ram-142"
    },
    {
        "name": "Sample Ram 143",
        "category": "ram",
        "brand": "g.skill",
        "specs": {
            "detail": "Sample specs 143"
        },
        "price": 9611,
        "image_url": "https://example.com/images/ram-143.jpg",
        "product_url": "https://example.com/products/ram-143"
    },
    {
        "name": "Sample Ram 144",
        "category": "ram",
        "brand": "adata",
        "specs": {
            "detail": "Sample specs 144"
        },
        "price": 12928,
        "image_url": "https://example.com/images/ram-144.jpg",
        "product_url": "https://example.com/products/ram-144"
    },
    {
        "name": "Sample Ram 145",
        "category": "ram",
        "brand": "corsair",
        "specs": {
            "detail": "Sample specs 145"
        },
        "price": 25158,
        "image_url": "https://example.com/images/ram-145.jpg",
        "product_url": "https://example.com/products/ram-145"
    },
    {
        "name": "Sample Ram 146",
        "category": "ram",
        "brand": "g.skill",
        "specs": {
            "detail": "Sample specs 146"
        },
        "price": 45448,
        "image_url": "https://example.com/images/ram-146.jpg",
        "product_url": "https://example.com/products/ram-146"
    },
    {
        "name": "Sample Ram 147",
        "category": "ram",
        "brand": "team",
        "specs": {
            "detail": "Sample specs 147"
        },
        "price": 33879,
        "image_url": "https://example.com/images/ram-147.jpg",
        "product_url": "https://example.com/products/ram-147"
    },
    {
        "name": "Sample Ram 148",
        "category": "ram",
        "brand": "adata",
        "specs": {
            "detail": "Sample specs 148"
        },
        "price": 10027,
        "image_url": "https://example.com/images/ram-148.jpg",
        "product_url": "https://example.com/products/ram-148"
    },
    {
        "name": "Sample Ram 149",
        "category": "ram",
        "brand": "corsair",
        "specs": {
            "detail": "Sample specs 149"
        },
        "price": 42901,
        "image_url": "https://example.com/images/ram-149.jpg",
        "product_url": "https://example.com/products/ram-149"
    },
    {
        "name": "Sample Ram 150",
        "category": "ram",
        "brand": "team",
        "specs": {
            "detail": "Sample specs 150"
        },
        "price": 4386,
        "image_url": "https://example.com/images/ram-150.jpg",
        "product_url": "https://example.com/products/ram-150"
    }
]