[
    {
        "name": "Sample Storage 1",
        "category": "storage",
        "brand": "samsung",
        "specs": {
            "detail": "Sample specs 1"
        },
        "price": 28448,
        "image_url": "https://example.com/images/storage-1.jpg",
        "product_url": "https://example.com/products/storage-1"
    },
    {
        "name": "Sample Storage 2",
        "category": "storage",
        "brand": "western digital",
        "specs": {
            "detail": "Sample specs 2"
        },
        "price": 18508,
        "image_url": "https://example.com/images/storage-2.jpg",
        "product_url": "https://example.com/products/storage-2"
    },
    {
        "name": "Sample Storage 3",
        "category": "storage",
        "brand": "adata",
        "specs": {
            "detail": "Sample specs 3"
        },
        "price": 12340,
        "image_url": "https://example.com/images/storage-3.jpg",
        "product_url": "https://example.com/products/storage-3"
    },
    {
        "name": "Sample Storage 4",
        "category": "storage",
        "brand": "samsung",
        "specs": {
            "detail": "Sample specs 4"
        },
        "price": 25406,
        "image_url": "https://example.com/images/storage-4.jpg",
        "product_url": "https://example.com/products/storage-4"
    },
    {
        "name": "Sample Storage 5",
        "category": "storage",
        "brand": "samsung",
        "specs": {
            "detail": "Sample specs 5"
        },
        "price": 17896,
        "image_url": "https://example.com/images/storage-5.jpg",
        "product_url": "https://example.com/products/storage-5"
    },
    {
        "name": "Sample Storage 6",
        "category": "storage",
        "brand": "crucial",
        "specs": {
            "detail": "Sample specs 6"
        },
        "price": 18968,
        "image_url": "https://example.com/images/storage-6.jpg",
        "product_url": "https://example.com/products/storage-6"
    },
    {
        "name": "Sample Storage 7",
        "category": "storage",
        "brand": "samsung",
        "specs": {
            "detail": "Sample specs 7"
        },
        "price": 9690,
        "image_url": "https://example.com/images/storage-7.jpg",
        "product_url": "https://example.com/products/storage-7"
    },
    {
        "name": "Sample Storage 8",
        "category": "storage",
        "brand": "western digital",
        "specs": {
            "detail": "Sample specs 8"
        },
        "price": 38581,
        "image_url": "https://example.com/images/storage-8.jpg",
        "product_url": "https://example.com/products/storage-8"
    },
    {
        "name": "Sample Storage 9",
        "category": "storage",
        "brand": "crucial",
        "specs": {
            "detail": "Sample specs 9"
        },
        "price": 40622,
        "image_url": "https://example.com/images/storage-9.jpg",
        "product_url": "https://example.com/products/storage-9"
    },
    {
        "name": "Sample Storage 10",
        "category": "storage",
        "brand": "crucial",
        "specs": {
            "detail": "Sample specs 10"
        },
        "price": 32329,
        "image_url": "https://example.com/images/storage-10.jpg",
        "product_url": "https://example.com/products/storage-10"
    },
    {
        "name": "Sample Storage 11",
        "category": "storage",
        "brand": "samsung",
        "specs": {
            "detail": "Sample specs 11"
        },
        "price": 28396,
        "image_url": "https://example.com/images/storage-11.jpg",
        "product_url": "https://example.com/products/storage-11"
    },
    {
        "name": "Sample Storage 12",
        "category": "storage",
        "brand": "samsung",
        "specs": {
            "detail": "Sample specs 12"
        },
        "price": 49389,
        "image_url": "https://example.com/images/storage-12.jpg",
        "product_url": "https://example.com/products/storage-12"
    },
    {
        "name": "Sample Storage 13",
        "category": "storage",
        "brand": "western digital",
        "specs": {
            "detail": "Sample specs 13"
        },
        "price": 7451,
        "image_url": "https://example.com/images/storage-13.jpg",
        "product_url": "https://example.com/products/storage-13"
    },
    {
        "name": "Sample Storage 14",
        "category": "storage",
        "brand": "adata",
        "specs": {
            "detail": "Sample specs 14"
        },
        "price": 26593,
        "image_url": "https://example.com/images/storage-14.jpg",
        "product_url": "https://example.com/products/storage-14"
    },
    {
        "name": "Sample Storage 15",
        "category": "storage",
        "brand": "adata",
        "specs": {
            "detail": "Sample specs 15"
        },
        "price": 18635,
        "image_url": "https://example.com/images/storage-15.jpg",
        "product_url": "https://example.com/products/storage-15"
    },
    {
        "name": "Sample Storage 16",
        "category": "storage",
        "brand": "samsung",
        "specs": {
            "detail": "Sample specs 16"
        },
        "price": 40887,
        "image_url": "https://example.com/images/storage-16.jpg",
        "product_url": "https://example.com/products/storage-16"
    },
    {
        "name": "Sample Storage 17",
        "category": "storage",
        "brand": "western digital",
        "specs": {
            "detail": "Sample specs 17"
        },
        "price": 32304,
        "image_url": "https://example.com/images/storage-17.jpg",
        "product_url": "https://example.com/products/storage-17"
    },
    {
        "name": "Sample Storage 18",
        "category": "storage",
        "brand": "western digital",
        "specs": {
            "detail": "Sample specs 18"
        },
        "price": 17227,
        "image_url": "https://example.com/images/storage-18.jpg",
        "product_url": "https://example.com/products/storage-18"
    },
    {
        "name": "Sample Storage 19",
        "category": "storage",
        "brand": "crucial",
        "specs": {
            "detail": "Sample specs 19"
        },
        "price": 30939,
        "image_url": "https://example.com/images/storage-19.jpg",
        "product_url": "https://example.com/products/storage-19"
    },
    {
        "name": "Sample Storage 20",
        "category": "storage",
        "brand": "samsung",
        "specs": {
            "detail": "Sample specs 20"
        },
        "price": 17715,
        "image_url": "https://example.com/images/storage-20.jpg",
        "product_url": "https://example.com/products/storage-20"
    },
    {
        "name": "Sample Storage 21",
        "category": "storage",
        "brand": "crucial",
        "specs": {
            "detail": "Sample specs 21"
        },
        "price": 20085,
        "image_url": "https://example.com/images/storage-21.jpg",
        "product_url": "https://example.com/products/storage-21"
    },
    {
        "name": "Sample Storage 22",
        "category": "storage",
        "brand": "crucial",
        "specs": {
            "detail": "Sample specs 22"
        },
        "price": 6137,
        "image_url": "https://example.com/images/storage-22.jpg",
        "product_url": "https://example.com/products/storage-22"
    },
    {
        "name": "Sample Storage 23",
        "category": "storage",
        "brand": "adata",
        "specs": {
            "detail": "Sample specs 23"
        },
        "price": 9236,
        "image_url": "https://example.com/images/storage-23.jpg",
        "product_url": "https://example.com/products/storage-23"
    },
    {
        "name": "Sample Storage 24",
        "category": "storage",
        "brand": "adata",
        "specs": {
            "detail": "Sample specs 24"
        },
        "price": 22484,
        "image_url": "https://example.com/images/storage-24.jpg",
        "product_url": "https://example.com/products/storage-24"
    },
    {
        "name": "Sample Storage 25",
        "category": "storage",
        "brand": "adata",
        "specs": {
            "detail": "Sample specs 25"
        },
        "price": 48724,
        "image_url": "https://example.com/images/storage-25.jpg",
        "product_url": "https://example.com/products/storage-25"
    },
    {
        "name": "Sample Storage 26",
        "category": "storage",
        "brand": "western digital",
        "specs": {
            "detail": "Sample specs 26"
        },
        "price": 14624,
        "image_url": "https://example.com/images/storage-26.jpg",
        "product_url": "https://example.com/products/storage-26"
    },
    {
        "name": "Sample Storage 27",
        "category": "storage",
        "brand": "western digital",
        "specs": {
            "detail": "Sample specs 27"
        },
        "price": 12947,
        "image_url": "https://example.com/images/storage-27.jpg",
        "product_url": "https://example.com/products/storage-27"
    },
    {
        "name": "Sample Storage 28",
        "category": "storage",
        "brand": "crucial",
        "specs": {
            "detail": "Sample specs 28"
        },
        "price": 28499,
        "image_url": "https://example.com/images/storage-28.jpg",
        "product_url": "https://example.com/products/storage-28"
    },
    {
        "name": "Sample Storage 29",
        "category": "storage",
        "brand": "crucial",
        "specs": {
            "detail": "Sample specs 29"
        },
        "price": 28639,
        "image_url": "https://example.com/images/storage-29.jpg",
        "product_url": "https://example.com/products/storage-29"
    },
    {
        "name": "Sample Storage 30",
        "category": "storage",
        "brand": "samsung",
        "specs": {
            "detail": "Sample specs 30"
        },
        "price": 29736,
        "image_url": "https://example.com/images/storage-30.jpg",
        "product_url": "https://example.com/products/storage-30"
    },
    {
        "name": "Sample Storage 31",
        "category": "storage",
        "brand": "samsung",
        "specs": {
            "detail": "Sample specs 31"
        },
        "price": 8531,
        "image_url": "https://example.com/images/storage-31.jpg",
        "product_url": "https://example.com/products/storage-31"
    },
    {
        "name": "Sample Storage 32",
        "category": "storage",
        "brand": "adata",
        "specs": {
            "detail": "Sample specs 32"
        },
        "price": 2665,
        "image_url": "https://example.com/images/storage-32.jpg",
        "product_url": "https://example.com/products/storage-32"
    },
    {
        "name": "Sample Storage 33",
        "category": "storage",
        "brand": "crucial",
        "specs": {
            "detail": "Sample specs 33"
        },
        "price": 20030,
        "image_url": "https://example.com/images/storage-33.jpg",
        "product_url": "https://example.com/products/storage-33"
    },
    {
        "name": "Sample Storage 34",
        "category": "storage",
        "brand": "samsung",
        "specs": {
            "detail": "Sample specs 34"
        },
        "price": 10516,
        "image_url": "https://example.com/images/storage-34.jpg",
        "product_url": "https://example.com/products/storage-34"
    },
    {
        "name": "Sample Storage 35",
        "category": "storage",
        "brand": "adata",
        "specs": {
            "detail": "Sample specs 35"
        },
        "price": 23891,
        "image_url": "https://example.com/images/storage-35.jpg",
        "product_url": "https://example.com/products/storage-35"
    },
    {
        "name": "Sample Storage 36",
        "category": "storage",
        "brand": "crucial",
        "specs": {
            "detail": "Sample specs 36"
        },
        "price": 46086,
        "image_url": "https://example.com/images/storage-36.jpg",
        "product_url": "https://example.com/products/storage-36"
    },
    {
        "name": "Sample Storage 37",
        "category": "storage",
        "brand": "crucial",
        "specs": {
            "detail": "Sample specs 37"
        },
        "price": 35122,
        "image_url": "https://example.com/images/storage-37.jpg",
        "product_url": "https://example.com/products/storage-37"
    },
    {
        "name": "Sample Storage 38",
        "category": "storage",
        "brand": "crucial",
        "specs": {
            "detail": "Sample specs 38"
        },
        "price": 36717,
        "image_url": "https://example.com/images/storage-38.jpg",
        "product_url": "https://example.com/products/storage-38"
    },
    {
        "name": "Sample Storage 39",
        "category": "storage",
        "brand": "western digital",
        "specs": {
            "detail": "Sample specs 39"
        },
        "price": 6040,
        "image_url": "https://example.com/images/storage-39.jpg",
        "product_url": "https://example.com/products/storage-39"
    },
    {
        "name": "Sample Storage 40",
        "category": "storage",
        "brand": "adata",
        "specs": {
            "detail": "Sample specs 40"
        },
        "price": 32420,
        "image_url": "https://example.com/images/storage-40.jpg",
        "product_url": "https://example.com/products/storage-40"
    },
    {
        "name": "Sample Storage 41",
        "category": "storage",
        "brand": "adata",
        "specs": {
            "detail": "Sample specs 41"
        },
        "price": 39446,
        "image_url": "https://example.com/images/storage-41.jpg",
        "product_url": "https://example.com/products/storage-41"
    },
    {
        "name": "Sample Storage 42",
        "category": "storage",
        "brand": "adata",
        "specs": {
            "detail": "Sample specs 42"
        },
        "price": 49925,
        "image_url": "https://example.com/images/storage-42.jpg",
        "product_url": "https://example.com/products/storage-42"
    },
    {
        "name": "Sample Storage 43",
        "category": "storage",
        "brand": "adata",
        "specs": {
            "detail": "Sample specs 43"
        },
        "price": 26634,
        "image_url": "https://example.com/images/storage-43.jpg",
        "product_url": "https://example.com/products/storage-43"
    },
    {
        "name": "Sample Storage 44",
        "category": "storage",
        "brand": "samsung",
        "specs": {
            "detail": "Sample specs 44"
        },
        "price": 3490,
        "image_url": "https://example.com/images/storage-44.jpg",
        "product_url": "https://example.com/products/storage-44"
    },
    {
        "name": "Sample Storage 45",
        "category": "storage",
        "brand": "crucial",
        "specs": {
            "detail": "Sample specs 45"
        },
        "price": 41919,
        "image_url": "https://example.com/images/storage-45.jpg",
        "product_url": "https://example.com/products/storage-45"
    },
    {
        "name": "Sample Storage 46",
        "category": "storage",
        "brand": "samsung",
        "specs": {
            "detail": "Sample specs 46"
        },
        "price": 45611,
        "image_url": "https://example.com/images/storage-46.jpg",
        "product_url": "https://example.com/products/storage-46"
    },
    {
        "name": "Sample Storage 47",
        "category": "storage",
        "brand": "western digital",
        "specs": {
            "detail": "Sample specs 47"
        },
        "price": 48099,
        "image_url": "https://example.com/images/storage-47.jpg",
        "product_url": "https://example.com/products/storage-47"
    },
    {
        "name": "Sample Storage 48",
        "category": "storage",
        "brand": "samsung",
        "specs": {
            "detail": "Sample specs 48"
        },
        "price": 6560,
        "image_url": "https://example.com/images/storage-48.jpg",
        "product_url": "https://example.com/products/storage-48"
    },
    {
        "name": "Sample Storage 49",
        "category": "storage",
        "brand": "adata",
        "specs": {
            "detail": "Sample specs 49"
        },
        "price": 14362,
        "image_url": "https://example.com/images/storage-49.jpg",
        "product_url": "https://example.com/products/storage-49"
    },
    {
        "name": "Sample Storage 50",
        "category": "storage",
        "brand": "adata",
        "specs": {
            "detail": "Sample specs 50"
        },
        "price": 12614,
        "image_url": "https://example.com/images/storage-50.jpg",
        "product_url": "https://example.com/products/storage-50"
    },
    {
        "name": "Sample Storage 51",
        "category": "storage",
        "brand": "western digital",
        "specs": {
            "detail": "Sample specs 51"
        },
        "price": 25415,
        "image_url": "https://example.com/images/storage-51.jpg",
        "product_url": "https://example.com/products/storage-51"
    },
    {
        "name": "Sample Storage 52",
        "category": "storage",
        "brand": "crucial",
        "specs": {
            "detail": "Sample specs 52"
        },
        "price": 26910,
        "image_url": "https://example.com/images/storage-52.jpg",
        "product_url": "https://example.com/products/storage-52"
    },
    {
        "name": "Sample Storage 53",
        "category": "storage",
        "brand": "samsung",
        "specs": {
            "detail": "Sample specs 53"
        },
        "price": 25523,
        "image_url": "https://example.com/images/storage-53.jpg",
        "product_url": "https://example.com/products/storage-53"
    },
    {
        "name": "Sample Storage 54",
        "category": "storage",
        "brand": "adata",
        "specs": {
            "detail": "Sample specs 54"
        },
        "price": 25126,
        "image_url": "https://example.com/images/storage-54.jpg",
        "product_url": "https://example.com/products/storage-54"
    },
    {
        "name": "Sample Storage 55",
        "category": "storage",
        "brand": "samsung",
        "specs": {
            "detail": "Sample specs 55"
        },
        "price": 27755,
        "image_url": "https://example.com/images/storage-55.jpg",
        "product_url": "https://example.com/products/storage-55"
    },
    {
        "name": "Sample Storage 56",
        "category": "storage",
        "brand": "western digital",
        "specs": {
            "detail": "Sample specs 56"
        },
        "price": 6443,
        "image_url": "https://example.com/images/storage-56.jpg",
        "product_url": "https://example.com/products/storage-56"
    },
    {
        "name": "Sample Storage 57",
        "category": "storage",
        "brand": "adata",
        "specs": {
            "detail": "Sample specs 57"
        },
        "price": 23062,
        "image_url": "https://example.com/images/storage-57.jpg",
        "product_url": "https://example.com/products/storage-57"
    },
    {
        "name": "Sample Storage 58",
        "category": "storage",
        "brand": "samsung",
        "specs": {
            "detail": "Sample specs 58"
        },
        "price": 26724,
        "image_url": "https://example.com/images/storage-58.jpg",
        "product_url": "https://example.com/products/storage-58"
    },
    {
        "name": "Sample Storage 59",
        "category": "storage",
        "brand": "western digital",
        "specs": {
            "detail": "Sample specs 59"
        },
        "price": 10146,
        "image_url": "https://example.com/images/storage-59.jpg",
        "product_url": "https://example.com/products/storage-59"
    },
    {
        "name": "Sample Storage 60",
        "category": "storage",
        "brand": "crucial",
        "specs": {
            "detail": "Sample specs 60"
        },
        "price": 48195,
        "image_url": "https://example.com/images/storage-60.jpg",
        "product_url": "https://example.com/products/storage-60"
    },
    {
        "name": "Sample Storage 61",
        "category": "storage",
        "brand": "samsung",
        "specs": {
            "detail": "Sample specs 61"
        },
        "price": 27025,
        "image_url": "https://example.com/images/storage-61.jpg",
        "product_url": "https://example.com/products/storage-61"
    },
    {
        "name": "Sample Storage 62",
        "category": "storage",
        "brand": "western digital",
        "specs": {
            "detail": "Sample specs 62"
        },
        "price": 13851,
        "image_url": "https://example.com/images/storage-62.jpg",
        "product_url": "https://example.com/products/storage-62"
    },
    {
        "name": "Sample Storage 63",
        "category": "storage",
        "brand": "western digital",
        "specs": {
            "detail": "Sample specs 63"
        },
        "price": 5809,
        "image_url": "https://example.com/images/storage-63.jpg",
        "product_url": "https://example.com/products/storage-63"
    },
    {
        "name": "Sample Storage 64",
        "category": "storage",
        "brand": "samsung",
        "specs": {
            "detail": "Sample specs 64"
        },
        "price": 47994,
        "image_url": "https://example.com/images/storage-64.jpg",
        "product_url": "https://example.com/products/storage-64"
    },
    {
        "name": "Sample Storage 65",
        "category": "storage",
        "brand": "western digital",
        "specs": {
            "detail": "Sample specs 65"
        },
        "price": 5507,
        "image_url": "https://example.com/images/storage-65.jpg",
        "product_url": "https://example.com/products/storage-65"
    },
    {
        "name": "Sample Storage 66",
        "category": "storage",
        "brand": "samsung",
        "specs": {
            "detail": "Sample specs 66"
        },
        "price": 17442,
        "image_url": "https://example.com/images/storage-66.jpg",
        "product_url": "https://example.com/products/storage-66"
    },
    {
        "name": "Sample Storage 67",
        "category": "storage",
        "brand": "samsung",
        "specs": {
            "detail": "Sample specs 67"
        },
        "price": 18913,
        "image_url": "https://example.com/images/storage-67.jpg",
        "product_url": "https://example.com/products/storage-67"
    },
    {
        "name": "Sample Storage 68",
        "category": "storage",
        "brand": "crucial",
        "specs": {
            "detail": "Sample specs 68"
        },
        "price": 27272,
        "image_url": "https://example.com/images/storage-68.jpg",
        "product_url": "https://example.com/products/storage-68"
    },
    {
        "name": "Sample Storage 69",
        "category": "storage",
        "brand": "crucial",
        "specs": {
            "detail": "Sample specs 69"
        },
        "price": 14701,
        "image_url": "https://example.com/images/storage-69.jpg",
        "product_url": "https://example.com/products/storage-69"
    },
    {
        "name": "Sample Storage 70",
        "category": "storage",
        "brand": "crucial",
        "specs": {
            "detail": "Sample specs 70"
        },
        "price": 3287,
        "image_url": "https://example.com/images/storage-70.jpg",
        "product_url": "https://example.com/products/storage-70"
    },
    {
        "name": "Sample Storage 71",
        "category": "storage",
        "brand": "samsung",
        "specs": {
            "detail": "Sample specs 71"
        },
        "price": 37878,
        "image_url": "https://example.com/images/storage-71.jpg",
        "product_url": "https://example.com/products/storage-71"
    },
    {
        "name": "Sample Storage 72",
        "category": "storage",
        "brand": "crucial",
        "specs": {
            "detail": "Sample specs 72"
        },
        "price": 47552,
        "image_url": "https://example.com/images/storage-72.jpg",
        "product_url": "https://example.com/products/storage-72"
    },
    {
        "name": "Sample Storage 73",
        "category": "storage",
        "brand": "adata",
        "specs": {
            "detail": "Sample specs 73"
        },
        "price": 44150,
        "image_url": "https://example.com/images/storage-73.jpg",
        "product_url": "https://example.com/products/storage-73"
    },
    {
        "name": "Sample Storage 74",
        "category": "storage",
        "brand": "samsung",
        "specs": {
            "detail": "Sample specs 74"
        },
        "price": 42064,
        "image_url": "https://example.com/images/storage-74.jpg",
        "product_url": "https://example.com/products/storage-74"
    },
    {
        "name": "Sample Storage 75",
        "category": "storage",
        "brand": "crucial",
        "specs": {
            "detail": "Sample specs 75"
        },
        "price": 32851,
        "image_url": "https://example.com/images/storage-75.jpg",
        "product_url": "https://example.com/products/storage-75"
    },
    {
        "name": "Sample Storage 76",
        "category": "storage",
        "brand": "samsung",
        "specs": {
            "detail": "Sample specs 76"
        },
        "price": 18356,
        "image_url": "https://example.com/images/storage-76.jpg",
        "product_url": "https://example.com/products/storage-76"
    },
    {
        "name": "Sample Storage 77",
        "category": "storage",
        "brand": "crucial",
        "specs": {
            "detail": "Sample specs 77"
        },
        "price": 14607,
        "image_url": "https://example.com/images/storage-77.jpg",
        "product_url": "https://example.com/products/storage-77"
    },
    {
        "name": "Sample Storage 78",
        "category": "storage",
        "brand": "adata",
        "specs": {
            "detail": "Sample specs 78"
        },
        "price": 48951,
        "image_url": "https://example.com/images/storage-78.jpg",
        "product_url": "https://example.com/products/storage-78"
    },
    {
        "name": "Sample Storage 79",
        "category": "storage",
        "brand": "adata",
        "specs": {
            "detail": "Sample specs 79"
        },
        "price": 41504,
        "image_url": "https://example.com/images/storage-79.jpg",
        "product_url": "https://example.com/products/storage-79"
    },
    {
        "name": "Sample Storage 80",
        "category": "storage",
        "brand": "adata",
        "specs": {
            "detail": "Sample specs 80"
        },
        "price": 5437,
        "image_url": "https://example.com/images/storage-80.jpg",
        "product_url": "https://example.com/products/storage-80"
    },
    {
        "name": "Sample Storage 81",
        "category": "storage",
        "brand": "samsung",
        "specs": {
            "detail": "Sample specs 81"
        },
        "price": 49154,
        "image_url": "https://example.com/images/storage-81.jpg",
        "product_url": "https://example.com/products/storage-81"
    },
    {
        "name": "Sample Storage 82",
        "category": "storage",
        "brand": "crucial",
        "specs": {
            "detail": "Sample specs 82"
        },
        "price": 18401,
        "image_url": "https://example.com/images/storage-82.jpg",
        "product_url": "https://example.com/products/storage-82"
    },
    {
        "name": "Sample Storage 83",
        "category": "storage",
        "brand": "samsung",
        "specs": {
            "detail": "Sample specs 83"
        },
        "price": 20379,
        "image_url": "https://example.com/images/storage-83.jpg",
        "product_url": "https://example.com/products/storage-83"
    },
    {
        "name": "Sample Storage 84",
        "category": "storage",
        "brand": "crucial",
        "specs": {
            "detail": "Sample specs 84"
        },
        "price": 47446,
        "image_url": "https://example.com/images/storage-84.jpg",
        "product_url": "https://example.com/products/storage-84"
    },
    {
        "name": "Sample Storage 85",
        "category": "storage",
        "brand": "western digital",
        "specs": {
            "detail": "Sample specs 85"
        },
        "price": 26863,
        "image_url": "https://example.com/images/storage-85.jpg",
        "product_url": "https://example.com/products/storage-85"
    },
    {
        "name": "Sample Storage 86",
        "category": "storage",
        "brand": "adata",
        "specs": {
            "detail": "Sample specs 86"
        },
        "price": 46869,
        "image_url": "https://example.com/images/storage-86.jpg",
        "product_url": "https://example.com/products/storage-86"
    },
    {
        "name": "Sample Storage 87",
        "category": "storage",
        "brand": "adata",
        "specs": {
            "detail": "Sample specs 87"
        },
        "price": 42532,
        "image_url": "https://example.com/images/storage-87.jpg",
        "product_url": "https://example.com/products/storage-87"
    },
    {
        "name": "Sample Storage 88",
        "category": "storage",
        "brand": "western digital",
        "specs": {
            "detail": "Sample specs 88"
        },
        "price": 43443,
        "image_url": "https://example.com/images/storage-88.jpg",
        "product_url": "https://example.com/products/storage-88"
    },
    {
        "name": "Sample Storage 89",
        "category": "storage",
        "brand": "crucial",
        "specs": {
            "detail": "Sample specs 89"
        },
        "price": 5734,
        "image_url": "https://example.com/images/storage-89.jpg",
        "product_url": "https://example.com/products/storage-89"
    },
    {
        "name": "Sample Storage 90",
        "category": "storage",
        "brand": "western digital",
        "specs": {
            "detail": "Sample specs 90"
        },
        "price": 48458,
        "image_url": "https://example.com/images/storage-90.jpg",
        "product_url": "https://example.com/products/storage-90"
    },
    {
        "name": "Sample Storage 91",
        "category": "storage",
        "brand": "adata",
        "specs": {
            "detail": "Sample specs 91"
        },
        "price": 7759,
        "image_url": "https://example.com/images/storage-91.jpg",
        "product_url": "https://example.com/products/storage-91"
    },
    {
        "name": "Sample Storage 92",
        "category": "storage",
        "brand": "western digital",
        "specs": {
            "detail": "Sample specs 92"
        },
        "price": 23655,
        "image_url": "https://example.com/images/storage-92.jpg",
        "product_url": "https://example.com/products/storage-92"
    },
    {
        "name": "Sample Storage 93",
        "category": "storage",
        "brand": "crucial",
        "specs": {
            "detail": "Sample specs 93"
        },
        "price": 46226,
        "image_url": "https://example.com/images/storage-93.jpg",
        "product_url": "https://example.com/products/storage-93"
    },
    {
        "name": "Sample Storage 94",
        "category": "storage",
        "brand": "western digital",
        "specs": {
            "detail": "Sample specs 94"
        },
        "price": 39644,
        "image_url": "https://example.com/images/storage-94.jpg",
        "product_url": "https://example.com/products/storage-94"
    },
    {
        "name": "Sample Storage 95",
        "category": "storage",
        "brand": "western digital",
        "specs": {
            "detail": "Sample specs 95"
        },
        "price": 48998,
        "image_url": "https://example.com/images/storage-95.jpg",
        "product_url": "https://example.com/products/storage-95"
    },
    {
        "name": "Sample Storage 96",
        "category": "storage",
        "brand": "samsung",
        "specs": {
            "detail": "Sample specs 96"
        },
        "price": 10989,
        "image_url": "https://example.com/images/storage-96.jpg",
        "product_url": "https://example.com/products/storage-96"
    },
    {
        "name": "Sample Storage 97",
        "category": "storage",
        "brand": "western digital",
        "specs": {
            "detail": "Sample specs 97"
        },
        "price": 41139,
        "image_url": "https://example.com/images/storage-97.jpg",
        "product_url": "https://example.com/products/storage-97"
    },
    {
        "name": "Sample Storage 98",
        "category": "storage",
        "brand": "western digital",
        "specs": {
            "detail": "Sample specs 98"
        },
        "price": 40088,
        "image_url": "https://example.com/images/storage-98.jpg",
        "product_url": "https://example.com/products/storage-98"
    },
    {
        "name": "Sample Storage 99",
        "category": "storage",
        "brand": "western digital",
        "specs": {
            "detail": "Sample specs 99"
        },
        "price": 40920,
        "image_url": "https://example.com/images/storage-99.jpg",
        "product_url": "https://example.com/products/storage-99"
    },
    {
        "name": "Sample Storage 100",
        "category": "storage",
        "brand": "samsung",
        "specs": {
            "detail": "Sample specs 100"
        },
        "price": 2554,
        "image_url": "https://example.com/images/storage-100.jpg",
        "product_url": "https://example.com/products/storage-100"
    },
    {
        "name": "Sample Storage 101",
        "category": "storage",
        "brand": "samsung",
        "specs": {
            "detail": "Sample specs 101"
        },
        "price": 19230,
        "image_url": "https://example.com/images/storage-101.jpg",
        "product_url": "https://example.com/products/storage-101"
    },
    {
        "name": "Sample Storage 102",
        "category": "storage",
        "brand": "samsung",
        "specs": {
            "detail": "Sample specs 102"
        },
        "price": 3076,
        "image_url": "https://example.com/images/storage-102.jpg",
        "product_url": "https://example.com/products/storage-102"
    },
    {
        "name": "Sample Storage 103",
        "category": "storage",
        "brand": "crucial",
        "specs": {
            "detail": "Sample specs 103"
        },
        "price": 44979,
        "image_url": "https://example.com/images/storage-103.jpg",
        "product_url": "https://example.com/products/storage-103"
    },
    {
        "name": "Sample Storage 104",
        "category": "storage",
        "brand": "western digital",
        "specs": {
            "detail": "Sample specs 104"
        },
        "price": 39452,
        "image_url": "https://example.com/images/storage-104.jpg",
        "product_url": "https://example.com/products/storage-104"
    },
    {
        "name": "Sample Storage 105",
        "category": "storage",
        "brand": "samsung",
        "specs": {
            "detail": "Sample specs 105"
        },
        "price": 13300,
        "image_url": "https://example.com/images/storage-105.jpg",
        "product_url": "https://example.com/products/storage-105"
    },
    {
        "name": "Sample Storage 106",
        "category": "storage",
        "brand": "crucial",
        "specs": {
            "detail": "Sample specs 106"
        },
        "price": 46426,
        "image_url": "https://example.com/images/storage-106.jpg",
        "product_url": "https://example.com/products/storage-106"
    },
    {
        "name": "Sample Storage 107",
        "category": "storage",
        "brand": "adata",
        "specs": {
            "detail": "Sample specs 107"
        },
        "price": 27160,
        "image_url": "https://example.com/images/storage-107.jpg",
        "product_url": "https://example.com/products/storage-107"
    },
    {
        "name": "Sample Storage 108",
        "category": "storage",
        "brand": "crucial",
        "specs": {
            "detail": "Sample specs 108"
        },
        "price": 14726,
        "image_url": "https://example.com/images/storage-108.jpg",
        "product_url": "https://example.com/products/storage-108"
    },
    {
        "name": "Sample Storage 109",
        "category": "storage",
        "brand": "western digital",
        "specs": {
            "detail": "Sample specs 109"
        },
        "price": 23497,
        "image_url": "https://example.com/images/storage-109.jpg",
        "product_url": "https://example.com/products/storage-109"
    },
    {
        "name": "Sample Storage 110",
        "category": "storage",
        "brand": "adata",
        "specs": {
            "detail": "Sample specs 110"
        },
        "price": 29472,
        "image_url": "https://example.com/images/storage-110.jpg",
        "product_url": "https://example.com/products/storage-110"
    },
    {
        "name": "Sample Storage 111",
        "category": "storage",
        "brand": "western digital",
        "specs": {
            "detail": "Sample specs 111"
        },
        "price": 21366,
        "image_url": "https://example.com/images/storage-111.jpg",
        "product_url": "https://example.com/products/storage-111"
    },
    {
        "name": "Sample Storage 112",
        "category": "storage",
        "brand": "western digital",
        "specs": {
            "detail": "Sample specs 112"
        },
        "price": 9571,
        "image_url": "https://example.com/images/storage-112.jpg",
        "product_url": "https://example.com/products/storage-112"
    },
    {
        "name": "Sample Storage 113",
        "category": "storage",
        "brand": "samsung",
        "specs": {
            "detail": "Sample specs 113"
        },
        "price": 6084,
        "image_url": "https://example.com/images/storage-113.jpg",
        "product_url": "https://example.com/products/storage-113"
    },
    {
        "name": "Sample Storage 114",
        "category": "storage",
        "brand": "crucial",
        "specs": {
            "detail": "Sample specs 114"
        },
        "price": 7563,
        "image_url": "https://example.com/images/storage-114.jpg",
        "product_url": "https://example.com/products/storage-114"
    },
    {
        "name": "Sample Storage 115",
        "category": "storage",
        "brand": "samsung",
        "specs": {
            "detail": "Sample specs 115"
        },
        "price": 43621,
        "image_url": "https://example.com/images/storage-115.jpg",
        "product_url": "https://example.com/products/storage-115"
    },
    {
        "name": "Sample Storage 116",
        "category": "storage",
        "brand": "western digital",
        "specs": {
            "detail": "Sample specs 116"
        },
        "price": 47506,
        "image_url": "https://example.com/images/storage-116.jpg",
        "product_url": "https://example.com/products/storage-116"
    },
    {
        "name": "Sample Storage 117",
        "category": "storage",
        "brand": "western digital",
        "specs": {
            "detail": "Sample specs 117"
        },
        "price": 3339,
        "image_url": "https://example.com/images/storage-117.jpg",
        "product_url": "https://example.com/products/storage-117"
    },
    {
        "name": "Sample Storage 118",
        "category": "storage",
        "brand": "samsung",
        "specs": {
            "detail": "Sample specs 118"
        },
        "price": 26618,
        "image_url": "https://example.com/images/storage-118.jpg",
        "product_url": "https://example.com/products/storage-118"
    },
    {
        "name": "Sample Storage 119",
        "category": "storage",
        "brand": "samsung",
        "specs": {
            "detail": "Sample specs 119"
        },
        "price": 41795,
        "image_url": "https://example.com/images/storage-119.jpg",
        "product_url": "https://example.com/products/storage-119"
    },
    {
        "name": "Sample Storage 120",
        "category": "storage",
        "brand": "adata",
        "specs": {
            "detail": "Sample specs 120"
        },
        "price": 39016,
        "image_url": "https://example.com/images/storage-120.jpg",
        "product_url": "https://example.com/products/storage-120"
    },
    {
        "name": "Sample Storage 121",
        "category": "storage",
        "brand": "adata",
        "specs": {
            "detail": "Sample specs 121"
        },
        "price": 26042,
        "image_url": "https://example.com/images/storage-121.jpg",
        "product_url": "https://example.com/products/storage-121"
    },
    {
        "name": "Sample Storage 122",
        "category": "storage",
        "brand": "samsung",
        "specs": {
            "detail": "Sample specs 122"
        },
        "price": 37426,
        "image_url": "https://example.com/images/storage-122.jpg",
        "product_url": "https://example.com/products/storage-122"
    },
    {
        "name": "Sample Storage 123",
        "category": "storage",
        "brand": "western digital",
        "specs": {
            "detail": "Sample specs 123"
        },
        "price": 46848,
        "image_url": "https://example.com/images/storage-123.jpg",
        "product_url": "https://example.com/products/storage-123"
    },
    {
        "name": "Sample Storage 124",
        "category": "storage",
        "brand": "crucial",
        "specs": {
            "detail": "Sample specs 124"
        },
        "price": 34503,
        "image_url": "https://example.com/images/storage-124.jpg",
        "product_url": "https://example.com/products/storage-124"
    },
    {
        "name": "Sample Storage 125",
        "category": "storage",
        "brand": "samsung",
        "specs": {
            "detail": "Sample specs 125"
        },
        "price": 45288,
        "image_url": "https://example.com/images/storage-125.jpg",
        "product_url": "https://example.com/products/storage-125"
    },
    {
        "name": "Sample Storage 126",
        "category": "storage",
        "brand": "adata",
        "specs": {
            "detail": "Sample specs 126"
        },
        "price": 24166,
        "image_url": "https://example.com/images/storage-126.jpg",
        "product_url": "https://example.com/products/storage-126"
    },
    {
        "name": "Sample Storage 127",
        "category": "storage",
        "brand": "western digital",
        "specs": {
            "detail": "Sample specs 127"
        },
        "price": 46454,
        "image_url": "https://example.com/images/storage-127.jpg",
        "product_url": "https://example.com/products/storage-127"
    },
    {
        "name": "Sample Storage 128",
        "category": "storage",
        "brand": "crucial",
        "specs": {
            "detail": "Sample specs 128"
        },
        "price": 22827,
        "image_url": "https://example.com/images/storage-128.jpg",
        "product_url": "https://example.com/products/storage-128"
    },
    {
        "name": "Sample Storage 129",
        "category": "storage",
        "brand": "crucial",
        "specs": {
            "detail": "Sample specs 129"
        },
        "price": 20264,
        "image_url": "https://example.com/images/storage-129.jpg",
        "product_url": "https://example.com/products/storage-129"
    },
    {
        "name": "Sample Storage 130",
        "category": "storage",
        "brand": "crucial",
        "specs": {
            "detail": "Sample specs 130"
        },
        "price": 16317,
        "image_url": "https://example.com/images/storage-130.jpg",
        "product_url": "https://example.com/products/storage-130"
    },
    {
        "name": "Sample Storage 131",
        "category": "storage",
        "brand": "samsung",
        "specs": {
            "detail": "Sample specs 131"
        },
        "price": 45257,
        "image_url": "https://example.com/images/storage-131.jpg",
        "product_url": "https://example.com/products/storage-131"
    },
    {
        "name": "Sample Storage 132",
        "category": "storage",
        "brand": "western digital",
        "specs": {
            "detail": "Sample specs 132"
        },
        "price": 41924,
        "image_url": "https://example.com/images/storage-132.jpg",
        "product_url": "https://example.com/products/storage-132"
    },
    {
        "name": "Sample Storage 133",
        "category": "storage",
        "brand": "samsung",
        "specs": {
            "detail": "Sample specs 133"
        },
        "price": 18762,
        "image_url": "https://example.com/images/storage-133.jpg",
        "product_url": "https://example.com/products/storage-133"
    },
    {
        "name": "Sample Storage 134",
        "category": "storage",
        "brand": "samsung",
        "specs": {
            "detail": "Sample specs 134"
        },
        "price": 39942,
        "image_url": "https://example.com/images/storage-134.jpg",
        "product_url": "https://example.com/products/storage-134"
    },
    {
        "name": "Sample Storage 135",
        "category": "storage",
        "brand": "crucial",
        "specs": {
            "detail": "Sample specs 135"
        },
        "price": 16353,
        "image_url": "https://example.com/images/storage-135.jpg",
        "product_url": "https://example.com/products/storage-135"
    },
    {
        "name": "Sample Storage 136",
        "category": "storage",
        "brand": "adata",
        "specs": {
            "detail": "Sample specs 136"
        },
        "price": 24517,
        "image_url": "https://example.com/images/storage-136.jpg",
        "product_url": "https://example.com/products/storage-136"
    },
    {
        "name": "Sample Storage 137",
        "category": "storage",
        "brand": "adata",
        "specs": {
            "detail": "Sample specs 137"
        },
        "price": 41638,
        "image_url": "https://example.com/images/storage-137.jpg",
        "product_url": "https://example.com/products/storage-137"
    },
    {
        "name": "Sample Storage 138",
        "category": "storage",
        "brand": "crucial",
        "specs": {
            "detail": "Sample specs 138"
        },
        "price": 15216,
        "image_url": "https://example.com/images/storage-138.jpg",
        "product_url": "https://example.com/products/storage-138"
    },
    {
        "name": "Sample Storage 139",
        "category": "storage",
        "brand": "western digital",
        "specs": {
            "detail": "Sample specs 139"
        },
        "price": 49074,
        "image_url": "https://example.com/images/storage-139.jpg",
        "product_url": "https://example.com/products/storage-139"
    },
    {
        "name": "Sample Storage 140",
        "category": "storage",
        "brand": "samsung",
        "specs": {
            "detail": "Sample specs 140"
        },
        "price": 24678,
        "image_url": "https://example.com/images/storage-140.jpg",
        "product_url": "https://example.com/products/storage-140"
    },
    {
        "name": "Sample Storage 141",
        "category": "storage",
        "brand": "adata",
        "specs": {
            "detail": "Sample specs 141"
        },
        "price": 2803,
        "image_url": "https://example.com/images/storage-141.jpg",
        "product_url": "https://example.com/products/storage-141"
    },
    {
        "name": "Sample Storage 142",
        "category": "storage",
        "brand": "crucial",
        "specs": {
            "detail": "Sample specs 142"
        },
        "price": 30788,
        "image_url": "https://example.com/images/storage-142.jpg",
        "product_url": "https://example.com/products/storage-142"
    },
    {
        "name": "Sample Storage 143",
        "category": "storage",
        "brand": "western digital",
        "specs": {
            "detail": "Sample specs 143"
        },
        "price": 47673,
        "image_url": "https://example.com/images/storage-143.jpg",
        "product_url": "https://example.com/products/storage-143"
    },
    {
        "name": "Sample Storage 144",
        "category": "storage",
        "brand": "crucial",
        "specs": {
            "detail": "Sample specs 144"
        },
        "price": 20774,
        "image_url": "https://example.com/images/storage-144.jpg",
        "product_url": "https://example.com/products/storage-144"
    },
    {
        "name": "Sample Storage 145",
        "category": "storage",
        "brand": "western digital",
        "specs": {
            "detail": "Sample specs 145"
        },
        "price": 12006,
        "image_url": "https://example.com/images/storage-145.jpg",
        "product_url": "https://example.com/products/storage-145"
    },
    {
        "name": "Sample Storage 146",
        "category": "storage",
        "brand": "samsung",
        "specs": {
            "detail": "Sample specs 146"
        },
        "price": 22391,
        "image_url": "https://example.com/images/storage-146.jpg",
        "product_url": "https://example.com/products/storage-146"
    },
    {
        "name": "Sample Storage 147",
        "category": "storage",
        "brand": "adata",
        "specs": {
            "detail": "Sample specs 147"
        },
        "price": 38689,
        "image_url": "https://example.com/images/storage-147.jpg",
        "product_url": "https://example.com/products/storage-147"
    },
    {
        "name": "Sample Storage 148",
        "category": "storage",
        "brand": "samsung",
        "specs": {
            "detail": "Sample specs 148"
        },
        "price": 8313,
        "image_url": "https://example.com/images/storage-148.jpg",
        "product_url": "https://example.com/products/storage-148"
    },
    {
        "name": "Sample Storage 149",
        "category": "storage",
        "brand": "western digital",
        "specs": {
            "detail": "Sample specs 149"
        },
        "price": 14380,
        "image_url": "https://example.com/images/storage-149.jpg",
        "product_url": "https://example.com/products/storage-149"
    },
    {
        "name": "Sample Storage 150",
        "category": "storage",
        "brand": "adata",
        "specs": {
            "detail": "Sample specs 150"
        },
        "price": 35089,
        "image_url": "https://example.com/images/storage-150.jpg",
        "product_url": "https://example.com/products/storage-150"
    }
]